,Input Name,Input Website,Match,Stage,Score,Source
0,Grandeco WallFashion Group Belgium,grandecogroup.com/,No Match,-,0.0,Movements BE
1,Tennant (EMEA),tennantco.com,No Match,-,0.0,Movements BE
2,Panasonic Energy Belgium,panasonic-batteries.com,No Match,-,0.0,Movements BE
3,Galico NV,galico.be,No Match,-,0.0,Movements BE
4,Premium Sound Solutions,premiumsoundsolutions.com,No Match,-,0.0,Movements BE
5,Hullebusch,hullebusch.be,No Match,-,0.0,Movements BE
6,JBC Hoofdkantoor,jbc.be,No Match,-,0.0,Movements BE
7,Sanico,sanico.eu,sanico.eu,3 - Presenting (S),100.0,Movements BE
8,Dirafrost Frozen Fruit,dirafrost.com,dirafrost.com,4 - Offering (S),100.0,Movements BE
9,Aurubis Belgium Olen,aurubis.com,aurubis.com,1- MQL (Marketing),100.0,Movements BE
10,B.I.G. Floorcoverings,bintg.com,No Match,-,0.0,Movements BE
11,Meubelfabriek Lievens,lievensnv.be,lievensnv.be,2 - SQL / Sales Outreach,100.0,Movements BE
12,ALVANCE Aluminium Duffel,aleris.com,No Match,-,0.0,Movements BE
13,SKF LOGISTICS SERVICES BELGIUM,skf.com,No Match,-,0.0,Movements BE
14,Mohawk International Services,unilin.com,unilin.com,3 - Presenting (S),100.0,Movements BE
15,Cummins,cummins.com,No Match,-,0.0,Movements BE
16,Van de Velde,vandevelde.eu,vandevelde.eu,2 - SQL / Sales Outreach,100.0,Movements BE
17,TWE Meulebeke,twe-group.com,twe-group.com,2 - SQL / Sales Outreach,100.0,Movements BE
18,RIMATEX,rimatex.be,No Match,-,0.0,Movements BE
19,FRISOMAT BELGIUM,frisomat.be,No Match,-,0.0,Movements BE
20,Kaneka Belgium Nv,kaneka.be,kaneka.be,2 - SQL / Sales Outreach,100.0,Movements BE
21,Datwyler Pharma Packaging Belgium,datwyler.com,No Match,-,0.0,Movements BE
22,TVH Parts,tvh.com,tvh.com,2 - SQL / Sales Outreach,100.0,Movements BE
23,Laseto NV,futech-tools.com,futech-tools.com,3 - Presenting (S),100.0,Movements BE
24,Dossche Mills,dossche-mills-bakery.com,No Match,-,0.0,Movements BE
25,Tekni-Plex Europe,tekni-plex.be,tekniplex.be,1- MQL (Marketing),96.0,Movements BE
26,Bose Belgium,bose.com/,No Match,-,0.0,Movements BE
27,Soubry Joseph Etn.,soubry.be,No Match,-,0.0,Movements BE
28,Van Marcke,vanmarckepro.com,No Match,-,0.0,Movements BE
29,Stone,stone.be/,No Match,-,0.0,Movements BE
30,XLBoom,xlboom.com,No Match,-,0.0,Movements BE
31,Wild & Soft,wildandsoft.com,ildandsoft.com,4 - Offering (S),96.55172413793103,Movements BE
32,LED TECHNO,ledtechno.be,ledtechno.be,8 - Loyal (CS),100.0,Movements BE
33,L.M.C. COUPLINGS,lmc-couplings.com,lmc-couplings.com,6 - Experience (CS+S),100.0,Movements BE
34,HOUT - BOIS VAN STEENBERGE,vansteenberge.be,No Match,-,0.0,Movements BE
35,Casa International,casashops.com,No Match,-,0.0,Movements BE
36,Mc Three,mcthree.be,mcthree.be,1- MQL (Marketing),100.0,Movements BE
37,Aveno NV,aveno.be,aveno.be,1- MQL (Marketing),100.0,Movements BE
38,Nuscience,nuscience.eu,No Match,-,0.0,Movements BE
39,Jasaco NV,jasaco.be,No Match,-,0.0,Movements BE
40,LivWise,livwise.be,livwise.be,2 - SQL / Sales Outreach,100.0,Movements BE
41,Babylon,babylonhome.be/,babylonhome.be,3 - Presenting (S),96.55172413793103,Movements BE
42,Aliplast Aluminium Extrusion,nan,No Match,-,0.0,Movements BE
43,Mistral Home Textiles,mistral.be,No Match,-,0.0,Movements BE
44,Topcold N.V.,topcold.be/,No Match,-,0.0,Movements BE
45,A&C Systems,ac-systems.com,ac-systems.com,2 - SQL / Sales Outreach,100.0,Movements BE
46,Bouwmaterialen Van Pelt,vanpelt-bouw.be,No Match,-,0.0,Movements BE
47,Natra Malle,natra.com/en/,No Match,-,0.0,Movements BE
48,BOGAERT TRANSMISSION,bogaert-transmission.com,No Match,-,0.0,Movements BE
49,Prof Praxis,prof-praxis.com,prof-praxis.com,8 - Loyal (CS),100.0,Movements BE
50,Drylock Technologies NV,drylocktechnologies.com,drylocktechnologies.com,4 - Offering (S),100.0,Movements BE
51,Selmus BVBA,selmus.com,selmus.com,1- MQL (Marketing),100.0,Movements BE
52,Samsonite Europe,samsonite.be/nl/home/,samsonite.be/nl/home,3 - Presenting (S),97.5609756097561,Movements BE
53,Lowette Gifts,lowette-gifts.be/,No Match,-,0.0,Movements BE
54,EVADAM,nan,No Match,-,0.0,Movements BE
55,Mitsubishi Chemical Advanced Materials Belgium,quadrantplastics.com,No Match,-,0.0,Movements BE
56,Kim's Chocolates,kimchoc.be,kimchoc.be,2 - SQL / Sales Outreach,100.0,Movements BE
57,ArcelorMittal Belgium,sidmar.be,No Match,-,0.0,Movements BE
58,LAG Trailers,lag.be,No Match,-,0.0,Movements BE
59,VANDEWIELE,vandewiele.com,No Match,-,0.0,Movements BE
60,Agio Cigars Belgium,tobacco1.com,No Match,-,0.0,Movements BE
61,Grandeco Wallfashion Group - Belgium,grandecogroup.com,No Match,-,0.0,Movements BE
62,Aurubis Olen nv,aurubis.com/olen,No Match,-,0.0,Movements BE
63,Colruyt Group Services,colruyt.be,No Match,-,0.0,Movements BE
64,Renson Ventilation,renson.be,renson.be,1- MQL (Marketing),100.0,Movements BE
65,Barco,barco.com,barco.com,2 - SQL / Sales Outreach,100.0,Movements BE
66,Modulyss / Balta group,baltagroup.com/,baltagroup.com,1- MQL (Marketing),96.55172413793103,Movements BE
67,Eleonora,eleonora.nl,No Match,-,0.0,Movements NL
68,Continental Banden Groep B.V. / PGB B.V.,pbg.nl,pbg.nl,3 - Presenting (S),100.0,Movements NL
69,Burg Machinefabriek B.V.,burg-machinefabriek.nl,burgmachinefabriek.nl,3 - Presenting (S),97.67441860465115,Movements NL
70,ROYAL FLOORING N.V,shoproyalflooring.com/,No Match,-,0.0,Movements NL
71,Metals Chemicals Maastricht B.V.,metalschemicalsgroup.com,metalschemicalsgroup.com,3 - Presenting (S),100.0,Movements NL
72,Bestronics B.V.,bestronics.nl,No Match,-,0.0,Movements NL
73,PROM'ES Event Supplies,prom-es.nl,No Match,-,0.0,Movements NL
74,Eleq Steenwijk B.V.,eleq.com/nl/,eleq.com/nl,2 - SQL / Sales Outreach,95.65217391304348,Movements NL
75,Watson-Marlow Bredel B.V.,watson-marlow.com,No Match,-,0.0,Movements NL
76,Reprodex B.V.,reprodex.com,reprodex.com,1- MQL (Marketing),100.0,Movements NL
77,KS Profiel B.V.,ksprofiel.nl/,No Match,-,0.0,Movements NL
78,Louët B.V.,louet.nl,No Match,-,0.0,Movements NL
79,Aircraft Part-Out Company Europe B.V.,apocaviation.com/,apocaviation.com,4 - Offering (S),96.96969696969697,Movements NL
80,NGM International B.V.,ngm-int.com,No Match,-,0.0,Movements NL
81,Groupe L.F.E. B.V.,lfe.nl,lfe.nl,3 - Presenting (S),100.0,Movements NL
82,MonShoe Fashion B.V.,shoecolate.nl,No Match,-,0.0,Movements NL
83,Whisper Power B.V.,whisperpower.com,hisperpower.com,8 - Loyal (CS),96.7741935483871,Movements NL
84,TM Essentials B.V.,tmessentials.nl/,No Match,-,0.0,Movements NL
85,Gloe & Zeitz B.V.,gloe-zeitz.nl,No Match,-,0.0,Movements NL
86,Van der Valk Systemen B.V.,kvt.nl,No Match,-,0.0,Movements NL
87,Comhan Holland B.V.,comhan.com,comhan.com,3 - Presenting (S),100.0,Movements NL
88,Design Development & Productions B.V.,ddandp.com,No Match,-,0.0,Movements NL
89,Bridge Polymers,bridgepolymers.nl,No Match,-,0.0,Movements NL
90,DBP International B.V.,nan,No Match,-,0.0,Movements NL
91,HBX Natural Living,deco.heembloemex.com,deco.heembloemex.com,3 - Presenting (S),100.0,Movements NL
92,Homeij Nederland B.V.,homeij.nl,No Match,-,0.0,Movements NL
93,Sentec International B.V.,sentecinternational.com,sentecinternational.com,1- MQL (Marketing),100.0,Movements NL
94,KEBO - De Heuning B.V.,kebointernational.com,No Match,-,0.0,Movements NL
95,Kaja Horeca Interieur B.V.,kaja.nl,kaja.nl,2 - SQL / Sales Outreach,100.0,Movements NL
96,Galvano Groothandel B.V.,galvano.nl,galvano.nl,2 - SQL / Sales Outreach,100.0,Movements NL
97,Joost Baakman B.V.,baakman.nl/,baakman.nl,2 - SQL / Sales Outreach,95.23809523809523,Movements NL
98,Woonboulevard Wijchen,woonboulevardwijchen.nl/,oonboulevardwijchen.nl,4 - Offering (S),95.65217391304348,Movements NL
99,JB-Inflatable B.V.,jb-inflatable.nl,jb-inflatables.nl,9 - Inactive (CS),96.96969696969697,Movements NL
100,T.R. Miller Holding B.V.,trfastenings.com,trfastenings.com,1- MQL (Marketing),100.0,Movements NL
101,Tower Living B.V.,towerliving.nl,towerliving.nl,1- MQL (Marketing),100.0,Movements NL
102,Broekhof-Verpakkingen B.V.,nan,No Match,-,0.0,Movements NL
103,Imperial Riding Holland B.V.,imperialriding.com,No Match,-,0.0,Movements NL
104,Filter Service Heerenveen B.V.,filterservice.nl,filterservice.nl,4 - Offering (S),100.0,Movements NL
105,Haco wonen & slapen Centraal Magazijn,haco.nu,haco.nu,3 - Presenting (S),100.0,Movements NL
106,Van Wijk en Olthuis B.V.,/www.wijkenolthuis.nl,No Match,-,0.0,Movements NL
107,Interjute BV,interjute.com,No Match,-,0.0,Movements NL
108,Total Produce B.V.,totalproduce.nl,totalproduce.nl,3 - Presenting (S),100.0,Movements NL
109,IBH Export B.V.,ibh-export.nl,ibh-export.nl,3 - Presenting (S),100.0,Movements NL
110,Aster Technology Holland B.V. / ARROW,arrow.com,arrow.com,2 - SQL / Sales Outreach,100.0,Movements NL
111,Jeveka B.V.,jeveka.com,jeveka.com,1- MQL (Marketing),100.0,Movements NL
112,Belgraver B.V.,belgraver.nl,belgraver.nl,1- MQL (Marketing),100.0,Movements NL
113,Coen Bakker Deco B.V.,coenbakker.nl,coenbakker.nl,3 - Presenting (S),100.0,Movements NL
114,Kanon Loading Equipment B.V.,kanon.nl,kanon.nl,1- MQL (Marketing),100.0,Movements NL
115,Theo Henkelman Schoenen B.V.,henkelman.nl,henkelman.nl,3 - Presenting (S),100.0,Movements NL
116,NP Fashion B.V.,nikkie.nl,No Match,-,0.0,Movements NL
117,Rietveld Licht VOF,rietveldlicht.nl,rietveldlicht.nl,8 - Loyal (CS),100.0,Movements NL
118,I.T.S. Holding B.V.,nan,No Match,-,0.0,Movements NL
119,FashionPower BV,fashionpower.eu,fashionpower.eu,4 - Offering (S),100.0,Movements NL
120,Sima Europe B.V.,nan,No Match,-,0.0,Movements NL
121,Rogon Products B.V.,rogon.com,rogon.com,2 - SQL / Sales Outreach,100.0,Movements NL
122,Agriton Holding B.V.,agriton.nl,No Match,-,0.0,Movements NL
123,SiSTEMA espresso systemen B.V.,si-stema.nl,No Match,-,0.0,Movements NL
124,MTR Fashion Flair B.V.,fashionflair.eu/en-gb/contact,No Match,-,0.0,Movements NL
125,Sakol B.V.,sakol.nl,No Match,-,0.0,Movements NL
126,SiccaDania,nivobahovex.com,No Match,-,0.0,Movements NL
127,Peter Dekker Handel B.V.,pdinl.com/nl/,No Match,-,0.0,Movements NL
128,Midl B.V.,midllogistics.com,No Match,-,0.0,Movements NL
129,Euro-Tyre B.V.,euro-tyre.nl/,No Match,-,0.0,Movements NL
130,Besgrow Europe B.V.,besgrow-europe.com,No Match,-,0.0,Movements NL
131,Ay illuminate B.V.,ayilluminate.com,No Match,-,0.0,Movements NL
132,Van der Lans International B.V.,vanderlans.com,vanderlans.com,3 - Presenting (S),100.0,Movements NL
133,Tricorp,tricorp.com,No Match,-,0.0,Movements NL
134,Metaalindustrie Waelbers B.V.,waelbers.com,aelbers.com,1- MQL (Marketing),95.65217391304348,Movements NL
135,WTP World Timber Products B.V.,worldtimberproducts.nl/,No Match,-,0.0,Movements NL
136,S Products B.V.,s-products.com,s-products.com,4 - Offering (S),100.0,Movements NL
137,Konijnenburg B.V.,konijnenburg.nl,No Match,-,0.0,Movements NL
138,Pack-It B.V.,packit.eu,No Match,-,0.0,Movements NL
139,Maryvo International B.V.,maryvo.com,maryvo.com,1- MQL (Marketing),100.0,Movements NL
140,Xindao B.V.,xindao.com/nl-nl,No Match,-,0.0,Movements NL
141,Asian Cuisine Trading B.V.,asiancuisinetrading.com,asiancuisinetrading.com,3 - Presenting (S),100.0,Movements NL
142,AgriFood Trade BV,agrifoodtrade.com,No Match,-,0.0,Movements NL
143,Technotex Industrial Supply B.V.,technotex.nl,technotex.nl,2 - SQL / Sales Outreach,100.0,Movements NL
144,AOKE Europe B.V.,aoke-europe.com,aoke-europe.com,4 - Offering (S),100.0,Movements NL
145,Quantex Group B.V.,quantexgroup.com,quantexgroup.com,4 - Offering (S),100.0,Movements NL
146,Broekhoff Vuurwerk International B.V.,broekhoff.nl,broekhof.nl,3 - Presenting (S),95.65217391304348,Movements NL
147,Vesta Chemicals B.V.,vestachem.com,No Match,-,0.0,Movements NL
148,Difuzed Europe,difuzed.com,difuzed.com,2 - SQL / Sales Outreach,100.0,Movements NL
149,Ten Cate,eu.tencatefabrics.com,No Match,-,0.0,Movements NL
150,REDSUN B.V.,redsun.eu,redsun.eu,3 - Presenting (S),100.0,Movements NL
151,Clou B.V.,clou.nl,clou.nl,3 - Presenting (S),100.0,Movements NL
152,Super Micro Computer B.V.,supermicro.com,supermicro.com,1- MQL (Marketing),100.0,Movements NL
153,AFTC Group,aftc.eu,No Match,-,0.0,Movements NL
154,World Paper B.V.,worldpaper.nl,orldpaper.nl,3 - Presenting (S),96.0,Movements NL
155,Agricultural Production & Handling B.V.,aphgroup.com,aphgroup.com,1- MQL (Marketing),100.0,Movements NL
156,ilShin Europe,ilshinbiobase-europe.com/,ilshinbiobase-europe.com,8 - Loyal (CS),97.95918367346938,Movements NL
157,WOT! Promotions,wot-p.nl,No Match,-,0.0,Movements NL
158,Brasco B.V.,brasco.nl,brasco.nl,8 - Loyal (CS),100.0,Movements NL
159,VaKaGroup,vakagroup.com/,No Match,-,0.0,Movements NL
160,Delinuts B.V.,delinuts.nl,No Match,-,0.0,Movements NL
161,Rotor B.V.,rotor.nl,No Match,-,0.0,Movements NL
162,QUAPI KIDSWEAR BV,quapikidswear.nl,No Match,-,0.0,Movements NL
163,All Sport NV,allsport-group.com,allsport-group.com,7 - Growth (CS),100.0,Movements NL
164,Rollepaal B.V.,rollepaal.com,rollepaal.com,2 - SQL / Sales Outreach,100.0,Movements NL
165,Gibas Automation B.V.,gibas.nl,No Match,-,0.0,Movements NL
166,Naturel West Corp EU B.V.,iidea.com.mx,No Match,-,0.0,Movements NL
167,Kanoshop Holland,kanoshop.nl,kanoshop.nl,1- MQL (Marketing),100.0,Movements NL
168,Bos Polijstmaterialen B.V.,boscleaningfinishing.com,boscleaningfinishing.com,6 - Experience (CS+S),100.0,Movements NL
169,Super B Lithium Power B.V.,super-b.com,No Match,-,0.0,Movements NL
170,Araco International B.V.,araco.nl,araco.nl,4 - Offering (S),100.0,Movements NL
171,Staay-Hispa B.V.,fresh-care.nl,No Match,-,0.0,Movements NL
172,NORKEM B.V,norkem.com,norkem.com,1- MQL (Marketing),100.0,Movements NL
173,Vitility International B.V.,vitility.com,No Match,-,0.0,Movements NL
174,Krosakiharima Europe B.V.,krosaki.co.jp/english,No Match,-,0.0,Movements NL
175,Beautydistrict B.V.,nan,No Match,-,0.0,Movements NL
176,Nedelko,nedelko.nl,nedelko.nl,2 - SQL / Sales Outreach,100.0,Movements NL
177,Dynetics B.V.,dynetics.eu,No Match,-,0.0,Movements NL
178,NEMAG,nemag.com/,No Match,-,0.0,Movements NL
179,Interring B.V.,interring.nl,No Match,-,0.0,Movements NL
180,Sacha Hoofdkantoor,sacha.nl,sacha.nl,3 - Presenting (S),100.0,Movements NL
181,Kemetyl Professional B.V.,kemetyl.com,kemetyl.com,1- MQL (Marketing),100.0,Movements NL
182,Ministry of Beauty B.V.,kappers.nl,No Match,-,0.0,Movements NL
183,Branddeploy,branddeploy.com,No Match,-,0.0,Movements NL
184,Dingemans Elementenbouw B.V.,dingemans.eu,dingemans.eu,2 - SQL / Sales Outreach,100.0,Movements NL
185,E.M.M. International B.V.,emm.com,emm.com,,100.0,Movements NL
186,Heutink Primair Onderwijs B.V.,iacgroup.com,No Match,-,0.0,Movements NL
187,Peacock Garden Supports B.V.,peacock.nl,No Match,-,0.0,Movements NL
188,Euro-Scrap Alliance B.V.,nan,No Match,-,0.0,Movements NL
189,De Ree Holland B.V.,m-g.nl,No Match,-,0.0,Movements NL
190,Barefoot International B.V.,barefoot-int.com,barefoot-int.com,6 - Experience (CS+S),100.0,Movements NL
191,Nieuw Deco B.V.,nieuwdeco.com,No Match,-,0.0,Movements NL
192,Odin Onderwijs B.V.,odin-groep.nl,odin-groep.nl,1- MQL (Marketing),100.0,Movements NL
193,Terberg Benschop B.V.,terbergbenschop.com,No Match,-,0.0,Movements NL
194,ECEM European Chemical Marketing B.V.,ecem.com,ecem.com,1- MQL (Marketing),100.0,Movements NL
195,Sluis Cigar Machinery B.V.,nan,No Match,-,0.0,Movements NL
196,WBE Group,wbe-group.com,No Match,-,0.0,Movements NL
197,Fastenal Europe B.V.,fastenal.com,fastenal.com,3 - Presenting (S),100.0,Movements NL
198,Translas B.V.,translas.com,translas.com,1- MQL (Marketing),100.0,Movements NL
199,Unidex B.V.,unidexholland.com,No Match,-,0.0,Movements NL
200,Hoofdkantoor PTMD collection,ptmd.nl,ptmd.nl,1- MQL (Marketing),100.0,Movements NL
201,Vink Kunststoffen B.V.,vinkkunststoffen.nl,vinkkunststoffen.nl,1- MQL (Marketing),100.0,Movements NL
202,Dampack International B.V.,dampack.nl,No Match,-,0.0,Movements NL
203,Apex Tool Group B.V.,apextoolgroup.com,apextoolgroup.com,4 - Offering (S),100.0,Movements NL
204,Ottevanger Milling Engineers B.V.,ottevanger.com,ottevanger.com,4 - Offering (S),100.0,Movements NL
205,Codi International B.V.,codi.nl,codi.nl,1- MQL (Marketing),100.0,Movements NL
206,Intralox L.L.C.,nan,No Match,-,0.0,Movements NL
207,Colubris Technologies B.V.,colubris-technologies.nl,No Match,-,0.0,Movements NL
208,Olba B.V.,olba.nl,No Match,-,0.0,Movements NL
209,Moving Spirits International B.V.,movingspirits.nl,No Match,-,0.0,Movements NL
210,Mountainhigh Nederland,mountainhigh.nl,mountainhigh.nl,6 - Experience (CS+S),100.0,Movements NL
211,Elopak B.V.,elopak.com,elopak.com,2 - SQL / Sales Outreach,100.0,Movements NL
212,Frozen Impex,frozenimpex.com/,No Match,-,0.0,Movements NL
213,Melkweg Holland B.V.,melkweg.com,No Match,-,0.0,Movements NL
214,T.T.I. Tyre Trading International B.V.,tti.nl,tti.nl,2 - SQL / Sales Outreach,100.0,Movements NL
215,Lab Associates B.V.,labassociates.com,No Match,-,0.0,Movements NL
216,Hosokawa Micron B.V.,hosokawa-micron-bv.com,hosokawa-micron-bv.com,1- MQL (Marketing),100.0,Movements NL
217,HTG BV,bs-htg.com,bs-htg.com,2 - SQL / Sales Outreach,100.0,Movements NL
218,Aweta G&P B.V.,aweta.com,No Match,-,0.0,Movements NL
219,Systemair B.V.,jadico.nl,No Match,-,0.0,Movements NL
220,Syntegon Packaging Solutions B.V.,syntegon.com,syntegon.com,4 - Offering (S),100.0,Movements NL
221,CeTeau B.V.,ceteau.com,No Match,-,0.0,Movements NL
222,CVB Ecologistics B.V.,cvbecologistics.com,cvbecologistics.com,1- MQL (Marketing),100.0,Movements NL
223,Wilhelmsen Ships Service B.V.,wijlhuizen.nl,No Match,-,0.0,Movements NL
224,Colourstock International BV,colourstock.com/,No Match,-,0.0,Movements NL
225,Agriprom Stalmatten B.V.,agriprom.nl,No Match,-,0.0,Movements NL
226,Profipack Verpakkingsmaterialen B.V.,profipack.nl,profipack.nl,3 - Presenting (S),100.0,Movements NL
227,Sofis,sofisglobal.com,sofisglobal.com,2 - SQL / Sales Outreach,100.0,Movements NL
228,Mueller,nl.paulmueller.com,No Match,-,0.0,Movements NL
229,Calze Del Mondo Int. B.V.,calzedelmondo.nl,calzedelmondo.nl,2 - SQL / Sales Outreach,100.0,Movements NL
230,PRESIDENT SAFETY B.V.,nan,No Match,-,0.0,Movements NL
231,NZA New Zealand Auckland HQ,nl.nzanewzealand.com/,No Match,-,0.0,Movements NL
232,"Bailey, Electric & Electronics B.V.",bailey.nl,bailey.nl,8 - Loyal (CS),100.0,Movements NL
233,Top Raam Decoraties B.V.,topraamdecoraties.com,No Match,-,0.0,Movements NL
234,Howitec Netting B.V.,howitec.nl,howitec.nl,1- MQL (Marketing),100.0,Movements NL
235,Goedkopekoffiebekers,goedkopekoffiebekers.nl,No Match,-,0.0,Movements NL
236,Chemical Distribution & Trade B.V.,partnersinchemicals.com,No Match,-,0.0,Movements NL
237,Bringo Electric Vehicles B.V. / LESLI B.V.,lesliliving.nl,No Match,-,0.0,Movements NL
238,Hyster-Yale Nederland B.V.,hyster-yale.com,hyster-yale.com,1- MQL (Marketing),100.0,Movements NL
239,Lambert Spawn Europa B.V.,lambertspawn.eu,lambertspawn.eu,2 - SQL / Sales Outreach,100.0,Movements NL
240,C.W. Kouwelaar en Zoon B.V.,nickytoy.nl/,No Match,-,0.0,Movements NL
241,van Rijsoort B.V.,nan,No Match,-,0.0,Movements NL
242,Rino&Pelle,nan,No Match,-,0.0,Movements NL
243,Fetim Group,fetimgroup.com,No Match,-,0.0,Movements NL
244,Flower Force B.V.,flowerforce.nl,flowerforce.nl,2 - SQL / Sales Outreach,100.0,Movements NL
245,Atrium house of brands B.V.,onlyformen.nl,onlyformen.nl,3 - Presenting (S),100.0,Movements NL
246,Akker Exotic Plants B.V.,avakker.nl,avakker.nl,6 - Experience (CS+S),100.0,Movements NL
247,HKC Europe B.V.,hkc-europe.com,hkc-europe.com,2 - SQL / Sales Outreach,100.0,Movements NL
248,P.K. Benelux B.V.,pkbenelux.com,pkbenelux.com,3 - Presenting (S),100.0,Movements NL
249,Mondeno Benelux B.V.,mondeno.com,No Match,-,0.0,Movements NL
250,Dorel Juvenile,europe.doreljuvenile.com/,europe.doreljuvenile.com,3 - Presenting (S),97.95918367346938,Movements NL
251,Oliver-Tolas Healthcare Packaging B.V.,oliverhcp.com,No Match,-,0.0,Movements NL
252,Advantech Service-IoT GmbH Netherlands,advantech-service-iot.eu,No Match,-,0.0,Movements NL
253,Engel Foreign Food B.V.,engelforeignfood.com,engelforeignfood.com,3 - Presenting (S),100.0,Movements NL
254,Medico-Care B.V.,medicocare.nl,No Match,-,0.0,Movements NL
255,L & H Dutch Bear B.V.,lhdutchbear.nl,lhdutchbear.nl,8 - Loyal (CS),100.0,Movements NL
256,Handelsonderneming H. Swanenberg B.V.,swanenberg.com,No Match,-,0.0,Movements NL
257,Richmond Interiors,richmondinteriors.nl,richmondinteriors.nl,2 - SQL / Sales Outreach,100.0,Movements NL
258,International Hotel Supply B.V.,internationalhotelsupply.com,No Match,-,0.0,Movements NL
259,Tuinland Groningen,tuinland.nl,No Match,-,0.0,Movements NL
260,Stertil B.V.,stertil.nl,No Match,-,0.0,Movements NL
261,Terberg Control Systems B.V.,terberg-control-systems.nl,No Match,-,0.0,Movements NL
262,Badotherm Proces Instrumentatie B.V.,badotherm.com,badotherm.com,3 - Presenting (S),100.0,Movements NL
263,NL Food B.V.,foodbrokers.nl,No Match,-,0.0,Movements NL
264,Handelsonderneming van Krimpen B.V.,krimpen.nl,krimpen.nl,2 - SQL / Sales Outreach,100.0,Movements NL
265,ITB Group,itb.nl,No Match,-,0.0,Movements NL
266,Adams Music Centre,adams.nl,adams.nl,3 - Presenting (S),100.0,Movements NL
267,Load-Lok Nederland B.V.,loadlok.com,No Match,-,0.0,Movements NL
268,Bruj International B.V.,bruj.eu,bruj.eu,,100.0,Movements NL
269,Bosman Van Zaal B.V.,bosmanvanzaal.com,bosmanvanzaal.com,4 - Offering (S),100.0,Movements NL
270,KH Chemicals B.V.,khchemicals.com,khchemicals.com,2 - SQL / Sales Outreach,100.0,Movements NL
271,Lumat B.V.,lumat.com,No Match,-,0.0,Movements NL
272,Pols Potten B.V.,polspotten.nl,polspotten.nl,3 - Presenting (S),100.0,Movements NL
273,Direct Maintenance B.V.,nan,No Match,-,0.0,Movements NL
274,Van Wijk Nederland B.V.,vwnl.com,No Match,-,0.0,Movements NL
275,Ammeraal Beltech B.V.,ammeraalbeltech.com,No Match,-,0.0,Movements NL
276,Kras Recycling B.V.,kras-recycling.com,No Match,-,0.0,Movements NL
277,Oukro B.V.,oukro.nl,oukro.nl,1- MQL (Marketing),100.0,Movements NL
278,Jan Zandbergen,janzandbergen.nl,No Match,-,0.0,Movements NL
279,Collé Rental & Sales,colle-sittard.nl,No Match,-,0.0,Movements NL
280,Hermes Wool B.V.,nan,No Match,-,0.0,Movements NL
281,VION Retail,vionfoodgroup.com,No Match,-,0.0,Movements NL
282,Crème de la Cream Company B.V.,cdlc.nl,cdlc.nl,3 - Presenting (S),100.0,Movements NL
283,Vaf Instruments B.V.,coneco.nl,No Match,-,0.0,Movements NL
284,Limako Suiker B.V.,limako.com,limako.com,3 - Presenting (S),100.0,Movements NL
285,Cartec B.V.,cartecworld.com,cartecworld.com,3 - Presenting (S),100.0,Movements NL
286,Interchemie Werken De Adelaar B.V.,interchemie.com,interchemie.com,1- MQL (Marketing),100.0,Movements NL
287,Louët B.V.,louet.nl,No Match,-,0.0,Movements NL
288,Stora Enso Timber DIY Products B.V.,storaenso.com,storaenso.com,2 - SQL / Sales Outreach,100.0,Movements NL
289,VPS International B.V.,vps-lubricants.net,No Match,-,0.0,Movements NL
290,Hadek Protective Systems B.V.,hadek.com,hadek.com,3 - Presenting (S),100.0,Movements NL
291,World Wide Fertilizers - Van de Reijt Meststoffen B.V.,vdreijtfert.nl/wp/world-wide-fertilizers-2/,No Match,-,0.0,Movements NL
292,Euro Used Clothing B.V.,eurousedclothing.nl,eurousedclothing.nl,4 - Offering (S),100.0,Movements NL
293,Doco International B.V.,doco-international.com,doco-international.com,3 - Presenting (S),100.0,Movements NL
294,Anema Trucks & Spare Parts,anema.nl/,No Match,-,0.0,Movements NL
295,Hyva International B.V.,lincolnelectric.nl,No Match,-,0.0,Movements NL
296,Stopaq B.V.,stopaq.com,No Match,-,0.0,Movements NL
297,Estillon B.V,estillon.nl,No Match,-,0.0,Movements NL
298,Bredox chemicals,bredox.nl,bredox.nl,2 - SQL / Sales Outreach,100.0,Movements NL
299,Banden inzamelingsbedrijf van der veen,nan,No Match,-,0.0,Movements NL
300,Bosco Pharma Nederland B.V.,boscopharma.nl,No Match,-,0.0,Movements NL
301,CF&S,nan,No Match,-,0.0,Movements NL
302,SABORN TRADING B.V,saborn-trading.nl/,saborn-trading.nl,2 - SQL / Sales Outreach,97.14285714285714,Movements NL
303,Fineline QPI BV,fineline-global.com,No Match,-,0.0,Movements NL
304,Cars 4 Kids B.V.,cars4kids.nl,No Match,-,0.0,Movements NL
305,Durea B.V.,durea.nl,durea.nl,8 - Loyal (CS),100.0,Movements NL
306,Becton Dickinson Rowa Netherlands,rowa.de/en/,No Match,-,0.0,Movements NL
307,Ice-World Benelux b.v.,nan,No Match,-,0.0,Movements NL
308,Vlastuin Metal B.V.,vlastuin.nl,vlastuin.nl,2 - SQL / Sales Outreach,100.0,Movements NL
309,Kangaro K.T.C. B.V.,kangaro-ktc.nl/,kangaro-ktc.nl,2 - SQL / Sales Outreach,96.55172413793103,Movements NL
310,DNP Imagingcomm Europe B.V.,eu.dnpribbons.com/,No Match,-,0.0,Movements NL
311,DGT Dutch Graphic Trade,dgt-bv.nl,No Match,-,0.0,Movements NL
312,AxFlow B.V.,axflow.com,No Match,-,0.0,Movements NL
313,WSI Models B.V.,wsi-models.nl/,No Match,-,0.0,Movements NL
314,Eijerkamp Zutphen B.V.,eijerkamp.nl,eijerkamp.nl,9 - Inactive (CS),100.0,Movements NL
315,MULTI-FIX GROUP B.V.,multifixgroup.com/,No Match,-,0.0,Movements NL
316,Life & Mobility B.V.,life-mobility.com,No Match,-,0.0,Movements NL
317,MamaLoes Hoofdmagazijn,mamaloesbabysjop.nl/,mamaloesbabysjop.nl,1- MQL (Marketing),97.43589743589743,Movements NL
318,RSH Hillegom B.V.,rsh.eu,rsh.eu,4 - Offering (S),100.0,Movements NL
319,Gerkimex B.V.,gerkimex.nl,gerkimex.nl,1- MQL (Marketing),100.0,Movements NL
320,Atelier 49 Nederland B.V.,bebe-jou.nl,bebe-jou.nl,2 - SQL / Sales Outreach,100.0,Movements NL
321,MNFLD B.V.,manfield.com,No Match,-,0.0,Movements NL
322,Expo Trading Holland B.V.,expotrading.nl/,No Match,-,0.0,Movements NL
323,Marmitek B.V.,marmitek.com,marmitek.com,1- MQL (Marketing),100.0,Movements NL
324,Present Time B.V.,presenttime.com,presenttime.com,1- MQL (Marketing),100.0,Movements NL
325,KGT Holding B.V.,kgt.nl,kgt.nl,1- MQL (Marketing),100.0,Movements NL
326,Serenotex,serenotex.com,serenotex.com,1- MQL (Marketing),100.0,Movements NL
327,Mebu B.V.,nan,No Match,-,0.0,Movements NL
328,BoxspringPRO B.V.,boxspringpro.nl,No Match,-,0.0,Movements NL
329,Van der Graaf B.V.,vandergraafpte.nl,No Match,-,0.0,Movements NL
330,Swan Products,swan-products.nl,No Match,-,0.0,Movements NL
331,Laspartners Multiweld,lpmw.nl/,No Match,-,0.0,Movements NL
332,Popov Clothing B.V.,popovclothing.com,No Match,-,0.0,Movements NL
333,Beijer REF support center Oirschot,beijerref.nl,No Match,-,0.0,Movements NL
334,De Ruiter Staalkabel B.V.,deruiterstaalkabel.nl,No Match,-,0.0,Movements NL
335,Roberine B.V.,nan,No Match,-,0.0,Movements NL
336,Wins Holland B.V.,wins-holland.nl,ins-holland.nl,1- MQL (Marketing),96.55172413793103,Movements NL
337,Vernay Europa B.V.,vernay.com,vernay.com,3 - Presenting (S),100.0,Movements NL
338,House of Hermeta B.V.,hermeta.nl/,hermeta.nl,2 - SQL / Sales Outreach,95.23809523809523,Movements NL
339,Holland Colours Europe B.V.,hollandcolours.com,hollandcolours.com,2 - SQL / Sales Outreach,100.0,Movements NL
340,Awl-Techniek B.V.,awl.nl,awl.nl,2 - SQL / Sales Outreach,100.0,Movements NL
341,Dieseko Group B.V.,diesekogroup.com/,diesekogroup.com,3 - Presenting (S),96.96969696969697,Movements NL
342,Translift B.V.,mpmoil.nl,No Match,-,0.0,Movements NL
343,Texim Europe B.V.,texim-europe.com,texim-europe.com,2 - SQL / Sales Outreach,100.0,Movements NL
344,Zwart Techniek B.V.,zwarttechniek.nl/,No Match,-,0.0,Movements NL
345,Mediq Medeco,medeco.nl/,No Match,-,0.0,Movements NL
346,EuroFibers,eurofibers.com/,No Match,-,0.0,Movements NL
347,Hatenboer-Water,hatenboer-water.com,hatenboer-water.com,1- MQL (Marketing),100.0,Movements NL
348,Maars Partitioning Systems B.V.,maarsgroup.com,No Match,-,0.0,Movements NL
349,Stinis Holland B.V.,stinis.com,stinis.com,3 - Presenting (S),100.0,Movements NL
350,Fonteyn Outdoor Living Mall,fonteyn.nl,fonteyn.nl,1- MQL (Marketing),100.0,Movements NL
351,Wrist Kooyman Ship Supply B.V,wrist.com/,No Match,-,0.0,Movements NL
352,KS Steel Solutions B.V.,ksprofiel.com,ksprofiel.com,4 - Offering (S),100.0,Movements NL
353,I.N.P. Quality B.V.,inpquality.nl,No Match,-,0.0,Movements NL
354,Brocacef Supplies & Services B.V.,brocacefsupplies-services.nl/,No Match,-,0.0,Movements NL
355,Stora Enso Timber DIY Products B.V.,storaenso.com,storaenso.com,2 - SQL / Sales Outreach,100.0,Movements NL
356,Waste Treatment Technologies (WTT),wtt.nl,No Match,-,0.0,Movements NL
357,Euramax Coated Products B.V.,greefa.nl,greefa.nl,7 - Growth (CS),100.0,Movements NL
358,Eurochoice B.V.,eurochoice.nl,eurochoice.nl,4 - Offering (S),100.0,Movements NL
359,Bison International B.V.,bison.nl,No Match,-,0.0,Movements NL
360,Elysee Dental Solutions B.V.,elysee-dental.com,elysee-dental.com,3 - Presenting (S),100.0,Movements NL
361,T. Boer & zn,boer.com,No Match,-,0.0,Movements NL
362,Hello Straw,hellostraw.com,No Match,-,0.0,Movements NL
363,Seed Processing Holland B.V.,seedprocessing.nl,seedprocessing.nl,1- MQL (Marketing),100.0,Movements NL
364,NECARBO B.V,safic-alcan.com/,No Match,-,0.0,Movements NL
365,Nordson Benelux B.V.,nordson.com,nordson.com,2 - SQL / Sales Outreach,100.0,Movements NL
366,VDL Parree B.V.,jagtenberg.nl,No Match,-,0.0,Movements NL
367,Smart Packaging Solutions,cargotec.com,No Match,-,0.0,Movements NL
368,Ecolush,ecolushnederland.nl,ecolushnederland.nl,3 - Presenting (S),100.0,Movements NL
369,Dopharma Veterinaire Farmaca B.V.,dopharma.com,dopharma.com,1- MQL (Marketing),100.0,Movements NL
370,Devro B.V.,devro.com,devro.com,2 - SQL / Sales Outreach,100.0,Movements NL
371,Nevema B.V.,nevema.nl,No Match,-,0.0,Movements NL
372,Benelux Exportcar B.V.,carcentrebenelux.nl,No Match,-,0.0,Movements NL
373,A.D.J. Supply Europe B.V.,americandj.eu,No Match,-,0.0,Movements NL
374,J & W Service B.V.,jw-service.nl,No Match,-,0.0,Movements NL
375,Heutink International Staffing & Facilities B.V.,nienhuis.com,No Match,-,0.0,Movements NL
376,Frijns Steel Construction B.V.,frijnsindustrialgroup.com,No Match,-,0.0,Movements NL
377,ASSA ABLOY Entrance Systems,assaabloyentrance.nl,No Match,-,0.0,Movements NL
378,Luiten Greenhouses B.V.,luiten-greenhouses.com,luiten-greenhouses.com,3 - Presenting (S),100.0,Movements NL
379,Haket Handelsonderneming B.V.,haket.nl,No Match,-,0.0,Movements NL
380,Berco Car Carpets B.V.,arizonachemical.com,No Match,-,0.0,Movements NL
381,coolblue,nan,No Match,-,0.0,Linkedin Leads
382,Cefetra Feed Service B.V.,nan,No Match,-,0.0,Linkedin Leads
383,Van Raam,nan,No Match,-,0.0,Linkedin Leads
384,Fairlight BV,nan,No Match,-,0.0,Linkedin Leads
385,Jiffy Group,nan,No Match,-,0.0,Linkedin Leads
386,Van Doleweerd,nan,No Match,-,0.0,Linkedin Leads
387,dorel-juvenile,nan,No Match,-,0.0,Linkedin Leads
388,broekman-logistics,nan,No Match,-,0.0,Linkedin Leads
389,Basiswaarde,nan,No Match,-,0.0,Linkedin Leads
390,dhl global forwarding,nan,No Match,-,0.0,Linkedin Leads
391,Willem van Esch,nan,No Match,-,0.0,Linkedin Leads
392,Gardenwood bv,nan,No Match,-,0.0,Linkedin Leads
393,Port of Rotterdam,nan,No Match,-,0.0,Linkedin Leads
394,hosiery center,nan,hosiery center b v,1- MQL (Marketing),95.0,Linkedin Leads
395,Worldpack Trading BV,nan,No Match,-,0.0,Linkedin Leads
396,Smartwares Group,nan,No Match,-,0.0,Linkedin Leads
397,Libbey Inc.,nan,No Match,-,0.0,Linkedin Leads
398,MacLean B.V.,nan,No Match,-,0.0,Linkedin Leads
399,chromaflo-technologies-europe,nan,No Match,-,0.0,Linkedin Leads
400,"IBG Europe, a G4S company",nan,No Match,-,0.0,Linkedin Leads
401,speelgoedland,nan,speelgoedland b v,9 - Inactive (CS),95.0,Linkedin Leads
402,Kuhlman Repko Shipping BV,nan,No Match,-,0.0,Linkedin Leads
403,"Esudia Engineering, Support & Diagnostics B.V./ Dena B.V.",nan,No Match,-,0.0,Linkedin Leads
404,Bolster Safety,nan,No Match,-,0.0,Linkedin Leads
405,Ukuthumela  Olwandle ,nan,No Match,-,0.0,Linkedin Leads
406,ivc-group,nan,No Match,-,0.0,Linkedin Leads
407,Nature's Pride,nan,No Match,-,0.0,Linkedin Leads
408,Access World,nan,No Match,-,0.0,Linkedin Leads
409,Logistic Consultancy Van den Bosch,nan,No Match,-,0.0,Linkedin Leads
410,van den Bosch Intro BV,nan,No Match,-,0.0,Linkedin Leads
411,De Wit B.V,nan,No Match,-,0.0,Linkedin Leads
412,Artdelight International B.V.,nan,No Match,-,0.0,Linkedin Leads
413,ASO Europe,nan,No Match,-,0.0,Linkedin Leads
414,The Green Forwarder,nan,No Match,-,0.0,Linkedin Leads
415,king-belgium-nv,nan,No Match,-,0.0,Linkedin Leads
416,e-logistics advies,nan,No Match,-,0.0,Linkedin Leads
417,DB Schenker,nan,No Match,-,0.0,Linkedin Leads
418,recreapark,nan,No Match,-,0.0,Linkedin Leads
419,Shypple,nan,No Match,-,0.0,Linkedin Leads
420,Hortus Supplies International B.V.,nan,No Match,-,0.0,Linkedin Leads
421,ThermIQ,nan,No Match,-,0.0,Linkedin Leads
422,ontex,nan,ontex,1- MQL (Marketing),100.0,Linkedin Leads
423,DRI Rubber,nan,No Match,-,0.0,Linkedin Leads
424,WITHIT BV,nan,No Match,-,0.0,Linkedin Leads
425,logiqs-agro_2,nan,No Match,-,0.0,Linkedin Leads
426,Hogewoning B.V.,nan,No Match,-,0.0,Linkedin Leads
427,Stedergroup bv,nan,No Match,-,0.0,Linkedin Leads
428,QWIC,nan,No Match,-,0.0,Linkedin Leads
429,Albea,nan,No Match,-,0.0,Linkedin Leads
430,Centrum Wiskunde & Informatica,nan,No Match,-,0.0,Linkedin Leads
431,vidaXL,nan,No Match,-,0.0,Linkedin Leads
432,NJ High End Coaching BV / Highly Effective Leadership Programs H.E.L.P.,nan,No Match,-,0.0,Linkedin Leads
433,SGS,nan,No Match,-,0.0,Linkedin Leads
434,Blockchain Language Knowledge Foundation,nan,No Match,-,0.0,Linkedin Leads
435,archipel-tax-advice,nan,No Match,-,0.0,Linkedin Leads
436,Heisterkamp Transportation Solutions,nan,No Match,-,0.0,Linkedin Leads
437,flexport,nan,No Match,-,0.0,Linkedin Leads
438,ally-coffee,nan,No Match,-,0.0,Linkedin Leads
439,Wabtec Netherlands ,nan,No Match,-,0.0,Linkedin Leads
440,heineken,nan,heineken,1- MQL (Marketing),100.0,Linkedin Leads
441,Woninginrichting,nan,No Match,-,0.0,Linkedin Leads
442,Import & Export,nan,No Match,-,0.0,Linkedin Leads
443,Cosmetics,nan,No Match,-,0.0,Linkedin Leads
444,Consumer Electronics,nan,No Match,-,0.0,Linkedin Leads
445,Consumptiegoederen,nan,No Match,-,0.0,Linkedin Leads
446,Consumer Goods,nan,No Match,-,0.0,Linkedin Leads
447,Medical Device,nan,No Match,-,0.0,Linkedin Leads
448,Transport/vrachtvervoer/spoorwegen,nan,No Match,-,0.0,Linkedin Leads
449,Medical Device,nan,No Match,-,0.0,Linkedin Leads
450,Logistics & Supply Chain,nan,No Match,-,0.0,Linkedin Leads
451,Machinery,nan,No Match,-,0.0,Linkedin Leads
452,Electrical & Electronic Manufacturing,nan,No Match,-,0.0,Linkedin Leads
453,Wholesale,nan,No Match,-,0.0,Linkedin Leads
454,Consumer Goods,nan,No Match,-,0.0,Linkedin Leads
455,Shypple,nan,No Match,-,0.0,Linkedin Leads
456,Logistics & Supply Chain,nan,No Match,-,0.0,Linkedin Leads
457,Gezondheidszorg,nan,No Match,-,0.0,Linkedin Leads
458,Furniture,nan,No Match,-,0.0,Linkedin Leads
459,Internationale handel en ontwikkeling,nan,No Match,-,0.0,Linkedin Leads
460,Machines,nan,No Match,-,0.0,Linkedin Leads
461,Wholesale,nan,No Match,-,0.0,Linkedin Leads
462,Apparel & Fashion,nan,No Match,-,0.0,Linkedin Leads
463,Import & Export,nan,No Match,-,0.0,Linkedin Leads
464,Furniture,nan,No Match,-,0.0,Linkedin Leads
465,Pharmaceuticals,nan,No Match,-,0.0,Linkedin Leads
466,Dairy,nan,No Match,-,0.0,Linkedin Leads
467,Hospital & Health Care,nan,No Match,-,0.0,Linkedin Leads
468,Consumptiegoederen,nan,No Match,-,0.0,Linkedin Leads
469,Wholesale,nan,No Match,-,0.0,Linkedin Leads
470,Woninginrichting,nan,No Match,-,0.0,Linkedin Leads
471,Medical Device,nan,No Match,-,0.0,Linkedin Leads
472,Hospital & Health Care,nan,No Match,-,0.0,Linkedin Leads
473,Entertainment,nan,No Match,-,0.0,Linkedin Leads
474,Machines,nan,No Match,-,0.0,Linkedin Leads
475,Consumer Goods,nan,No Match,-,0.0,Linkedin Leads
476,Woninginrichting,nan,No Match,-,0.0,Linkedin Leads
477,Consumer Electronics,nan,No Match,-,0.0,Linkedin Leads
478,Textiles,nan,No Match,-,0.0,Linkedin Leads
479,Textiles,nan,No Match,-,0.0,Linkedin Leads
480,Machinery,nan,No Match,-,0.0,Linkedin Leads
481,Consumptiegoederen,nan,No Match,-,0.0,Linkedin Leads
482,Machinery,nan,No Match,-,0.0,Linkedin Leads
483,Apparel & Fashion,nan,No Match,-,0.0,Linkedin Leads
484,Groothandel,nan,No Match,-,0.0,Linkedin Leads
485,Consumer Goods,nan,No Match,-,0.0,Linkedin Leads
486,Consumer Electronics,nan,No Match,-,0.0,Linkedin Leads
487,Wholesale,nan,No Match,-,0.0,Linkedin Leads
488,Voedsel en dranken,nan,No Match,-,0.0,Linkedin Leads
489,Information Technology & Services,nan,No Match,-,0.0,Linkedin Leads
490,Order Manager,nan,No Match,-,0.0,Linkedin Leads
491,Information Technology & Services,nan,No Match,-,0.0,Linkedin Leads
492,Import en export,nan,No Match,-,0.0,Linkedin Leads
493,Wholesale,nan,No Match,-,0.0,Linkedin Leads
494,Publishing,nan,No Match,-,0.0,Linkedin Leads
495,Import & Export,nan,No Match,-,0.0,Linkedin Leads
496,Apparel & Fashion,nan,No Match,-,0.0,Linkedin Leads
497,Transport/vrachtvervoer/spoorwegen,nan,No Match,-,0.0,Linkedin Leads
498,Retail,nan,No Match,-,0.0,Linkedin Leads
499,Furniture,nan,No Match,-,0.0,Linkedin Leads
500,International Trade & Development,nan,No Match,-,0.0,Linkedin Leads
501,Consumer Electronics,nan,No Match,-,0.0,Linkedin Leads
502,Food Production,nan,No Match,-,0.0,Linkedin Leads
503,Consumptiegoederen,nan,No Match,-,0.0,Linkedin Leads
504,Logistics & Supply Chain,nan,No Match,-,0.0,Linkedin Leads
505,Logistics & Supply Chain,nan,No Match,-,0.0,Linkedin Leads
506,Groothandel,nan,No Match,-,0.0,Linkedin Leads
507,Holland Diervoeders BV,nan,No Match,-,0.0,Linkedin Leads
508,Decostar,nan,No Match,-,0.0,Linkedin Leads
509,Benckmar B.V.,nan,No Match,-,0.0,Linkedin Leads
510,Jansen Poultry Equipment,nan,No Match,-,0.0,Linkedin Leads
511,PBF Group B.V.,nan,No Match,-,0.0,Linkedin Leads
512,de Coöperatie expert,nan,No Match,-,0.0,Linkedin Leads
513,ILEXYS BV,nan,No Match,-,0.0,Linkedin Leads
514,PVG Liquids NV,nan,No Match,-,0.0,Linkedin Leads
515,Swiss Sense,nan,No Match,-,0.0,Linkedin Leads
516,kommago,nan,No Match,-,0.0,Linkedin Leads
517,Nedstar,nan,No Match,-,0.0,Linkedin Leads
518,EDCO Eindhoven BV,nan,No Match,-,0.0,Linkedin Leads
519,Pieterpikzonen BV,nan,No Match,-,0.0,Linkedin Leads
520,Sous Fresh BV,nan,No Match,-,0.0,Linkedin Leads
521,Van Donge & de Roo B.V.,nan,No Match,-,0.0,Linkedin Leads
522,Thai Union Group PCL.,nan,No Match,-,0.0,Linkedin Leads
523,Roveg Fruit B.V.,nan,No Match,-,0.0,Linkedin Leads
524,group-depré,nan,No Match,-,0.0,Linkedin Leads
525,Sally Beauty,nan,No Match,-,0.0,Linkedin Leads
526,Golden Key Creation LTD.,nan,No Match,-,0.0,Linkedin Leads
527,Permess International,nan,No Match,-,0.0,Linkedin Leads
528,Tootal fabrics (Holland) bv,nan,No Match,-,0.0,Linkedin Leads
529,Pieterpikzonen BV,nan,No Match,-,0.0,Linkedin Leads
530,Johnson & Johnson,nan,No Match,-,0.0,Linkedin Leads
531,Sales & Sourcing Consulting,nan,No Match,-,0.0,Linkedin Leads
532,Norah,nan,No Match,-,0.0,Linkedin Leads
533,Biocartis,nan,No Match,-,0.0,Linkedin Leads
534,Rioned,nan,No Match,-,0.0,Linkedin Leads
535,Hebei Cofco Rotterdam BV,nan,No Match,-,0.0,Linkedin Leads
536,Stryker,nan,No Match,-,0.0,Linkedin Leads
537,Balt,nan,No Match,-,0.0,Linkedin Leads
538,LABORIE,nan,No Match,-,0.0,Linkedin Leads
539,Dimensio Verpakkingen B.V.,nan,No Match,-,0.0,Linkedin Leads
540,Balt,nan,No Match,-,0.0,Linkedin Leads
541,Fullwood Packo nv,nan,No Match,-,0.0,Linkedin Leads
542,roompot-living-b-v-&-roompot-group-b-v-,nan,No Match,-,0.0,Linkedin Leads
543,TOBROCO-GIANT,nan,No Match,-,0.0,Linkedin Leads
544,"WellPet, LLC",nan,No Match,-,0.0,Linkedin Leads
545,The Cookie Company,nan,No Match,-,0.0,Linkedin Leads
546,Volvo Group,nan,No Match,-,0.0,Linkedin Leads
547,PVG Liquids NV,nan,No Match,-,0.0,Linkedin Leads
548,WinnerChoice Ltd,nan,No Match,-,0.0,Linkedin Leads
549,bdairy,nan,No Match,-,0.0,Linkedin Leads
550,RZMA Medica,nan,No Match,-,0.0,Linkedin Leads
551,Capi Europe,nan,No Match,-,0.0,Linkedin Leads
552,ab-inbev,nan,No Match,-,0.0,Linkedin Leads
553,Nationale Theaterkassa,nan,No Match,-,0.0,Linkedin Leads
554,de-eekhoorn-dutch-furniture,nan,No Match,-,0.0,Linkedin Leads
555,Frutos Tropicales Europe,nan,No Match,-,0.0,Linkedin Leads
556,Omexom,nan,No Match,-,0.0,Linkedin Leads
557,JUUL Labs,nan,No Match,-,0.0,Linkedin Leads
558,PENTAGON INTERNATIONAL FREIGHT SOLUTIONS PVT LTD,nan,No Match,-,0.0,Linkedin Leads
559,ecom-empowered,nan,No Match,-,0.0,Linkedin Leads
560,gate4eu-nv,nan,No Match,-,0.0,Linkedin Leads
561,mol-logistics,nan,No Match,-,0.0,Linkedin Leads
562,Somfy Group,nan,No Match,-,0.0,Linkedin Leads
563,roompot-living-b-v-&-roompot-group-b-v-,nan,No Match,-,0.0,Linkedin Leads
564,PartyLite,nan,No Match,-,0.0,Linkedin Leads
565,speelgoedland,nan,speelgoedland b v,9 - Inactive (CS),95.0,Linkedin Leads
566,EDCO Eindhoven BV,nan,No Match,-,0.0,Linkedin Leads
567,LENO Group,nan,No Match,-,0.0,Linkedin Leads
568,verathon,nan,No Match,-,0.0,Linkedin Leads
569,s-p-paneelbouw-bv,nan,No Match,-,0.0,Linkedin Leads
570,laco-recreatie,nan,No Match,-,0.0,Linkedin Leads
571,Pon Equipment Nederland,nan,No Match,-,0.0,Linkedin Leads
572,Philips Lighting,nan,No Match,-,0.0,Linkedin Leads
573,Nexans Benelux,nan,No Match,-,0.0,Linkedin Leads
574,JLG Industries,nan,No Match,-,0.0,Linkedin Leads
575,Sacobel World Leather Confections B.V.,nan,No Match,-,0.0,Linkedin Leads
576,van-dam-machine-europe-bv,nan,No Match,-,0.0,Linkedin Leads
577,DPA Professionals,nan,No Match,-,0.0,Linkedin Leads
578,Interface,nan,No Match,-,0.0,Linkedin Leads
579,TOBROCO-GIANT,nan,No Match,-,0.0,Linkedin Leads
580,PBF Group B.V.,nan,No Match,-,0.0,Linkedin Leads
581,HEINEKEN,nan,No Match,-,0.0,Linkedin Leads
582,KS Profiel BV,nan,No Match,-,0.0,Linkedin Leads
583,PVG Liquids NV,nan,No Match,-,0.0,Linkedin Leads
584,FOX Originals,nan,No Match,-,0.0,Linkedin Leads
585,BekaertDeslee,nan,No Match,-,0.0,Linkedin Leads
586,Factris,nan,No Match,-,0.0,Linkedin Leads
587,de-klerk-binnenbouw-b.v.,nan,No Match,-,0.0,Linkedin Leads
588,copa-home,nan,No Match,-,0.0,Linkedin Leads
589,nike,nan,nike,1- MQL (Marketing),100.0,Linkedin Leads
590,"Zelfstandige musad export is import is onder the church of jesuas christ of laater dag saints,",nan,No Match,-,0.0,Linkedin Leads
591,feyter-group,nan,No Match,-,0.0,Linkedin Leads
592,HERRAU,nan,No Match,-,0.0,Linkedin Leads
593,nedelko,nan,nedelko,2 - SQL / Sales Outreach,100.0,Linkedin Leads
594,Westland Kaas,nan,No Match,-,0.0,Linkedin Leads
595,RZMA Medica,nan,No Match,-,0.0,Linkedin Leads
596,,nan,No Match,-,0.0,Linkedin Leads
597,Helly Hansen,nan,No Match,-,0.0,Linkedin Leads
598,Ontex,nan,No Match,-,0.0,Linkedin Leads
599,,nan,No Match,-,0.0,Linkedin Leads
600,BOA Recycling Systems BV,nan,No Match,-,0.0,Linkedin Leads
601,Bolsius B.V.,nan,No Match,-,0.0,Linkedin Leads
602,de-eekhoorn-dutch-furniture,nan,No Match,-,0.0,Linkedin Leads
603,,nan,No Match,-,0.0,Linkedin Leads
604,verathon,nan,No Match,-,0.0,Linkedin Leads
605,CVB,nan,No Match,-,0.0,Linkedin Leads
606,Watkins Wellness,nan,No Match,-,0.0,Linkedin Leads
607,Shada BV,nan,No Match,-,0.0,Linkedin Leads
608,harting-bank,nan,No Match,-,0.0,Linkedin Leads
609,Alcochem Hygiene,nan,No Match,-,0.0,Linkedin Leads
610,O'Neill,nan,No Match,-,0.0,Linkedin Leads
611,Volvo Group,nan,No Match,-,0.0,Linkedin Leads
612,Murata,nan,No Match,-,0.0,Linkedin Leads
613,swisssense,nan,swiss sense,1- MQL (Marketing),95.23809523809523,Linkedin Leads
614,Gemstone Communities,nan,No Match,-,0.0,Linkedin Leads
615,tna solutions Pty Ltd.,nan,No Match,-,0.0,Linkedin Leads
616,Hill-Rom,nan,No Match,-,0.0,Linkedin Leads
617,MHI Vestas Offshore Wind,nan,No Match,-,0.0,Linkedin Leads
618,Henkel,nan,No Match,-,0.0,Linkedin Leads
619,Interface,nan,No Match,-,0.0,Linkedin Leads
620,Arati Fragrance,nan,No Match,-,0.0,Linkedin Leads
621,Henkel,nan,No Match,-,0.0,Linkedin Leads
622,"profitair logistics co.,ltd",nan,No Match,-,0.0,Linkedin Leads
623,"SPX FLOW, Inc.",nan,No Match,-,0.0,Linkedin Leads
624,MGH nv,nan,No Match,-,0.0,Linkedin Leads
625,Nedschroef Machinery N.V.,nan,No Match,-,0.0,Linkedin Leads
626,Under Armour,nan,No Match,-,0.0,Linkedin Leads
627,Van der Ent Group,nan,No Match,-,0.0,Linkedin Leads
628,VMI,nan,No Match,-,0.0,Linkedin Leads
629,Shypple,nan,No Match,-,0.0,Linkedin Leads
630,Summa College,nan,No Match,-,0.0,Linkedin Leads
631,ACE electronics N.V.,nan,No Match,-,0.0,Linkedin Leads
632,Smartwares Group,nan,No Match,-,0.0,Linkedin Leads
633,speelgoedland,nan,speelgoedland b v,9 - Inactive (CS),95.0,Linkedin Leads
634,manutti_official,nan,No Match,-,0.0,Linkedin Leads
635,Knipidee International B.V.,nan,No Match,-,0.0,Linkedin Leads
636,WinnerChoice Ltd,nan,No Match,-,0.0,Linkedin Leads
637,Office-Deals,nan,No Match,-,0.0,Linkedin Leads
638,oceannet,nan,No Match,-,0.0,Linkedin Leads
639,,nan,No Match,-,0.0,Linkedin Leads
640,,nan,No Match,-,0.0,Linkedin Leads
641,VMI,nan,No Match,-,0.0,Linkedin Leads
642,koninklijke-eru,nan,No Match,-,0.0,Linkedin Leads
643,Otolift Stairlifts,nan,No Match,-,0.0,Linkedin Leads
644,Phonecrew,nan,No Match,-,0.0,Linkedin Leads
645,flamant,nan,No Match,-,0.0,Linkedin Leads
646,unilever,nan,unilever,1- MQL (Marketing),100.0,Linkedin Leads
647,DMJ Outdoor B.V.,nan,No Match,-,0.0,Linkedin Leads
648,Hose & Reel Products BV,nan,No Match,-,0.0,Linkedin Leads
649,SJAAIPOL,nan,No Match,-,0.0,Linkedin Leads
650,MGLine Trade & Logistic Solutions,nan,No Match,-,0.0,Linkedin Leads
651,By Santis,nan,No Match,-,0.0,Linkedin Leads
652,Sous Fresh BV,nan,No Match,-,0.0,Linkedin Leads
653,Danish Refugee Council,nan,No Match,-,0.0,Linkedin Leads
654,Dimensio Verpakkingen B.V.,nan,No Match,-,0.0,Linkedin Leads
655,speelgoedland,nan,speelgoedland b v,9 - Inactive (CS),95.0,Linkedin Leads
656,Upfield,nan,No Match,-,0.0,Linkedin Leads
657,smarter-living-bv,nan,No Match,-,0.0,Linkedin Leads
658,D&L Ventures BV,nan,No Match,-,0.0,Linkedin Leads
659,Intafresh,nan,No Match,-,0.0,Linkedin Leads
660,JACOBS DOUWE EGBERTS,nan,No Match,-,0.0,Linkedin Leads
661,helly-hansen,nan,No Match,-,0.0,Linkedin Leads
662,Simply Analog,nan,No Match,-,0.0,Linkedin Leads
663,,nan,No Match,-,0.0,Linkedin Leads
664,koppert-biological-systems,nan,No Match,-,0.0,Linkedin Leads
665,demo,nan,No Match,-,0.0,Linkedin Leads
666,Nationale Politie,nan,No Match,-,0.0,Linkedin Leads
667,Dripperdrip,nan,No Match,-,0.0,Linkedin Leads
668,PVG Holding B.V.,nan,No Match,-,0.0,Linkedin Leads
669,EMMA Health & Beauty care BV,nan,No Match,-,0.0,Linkedin Leads
670,VDL Agrotech,nan,No Match,-,0.0,Linkedin Leads
671,Hortus Supplies International B.V.,nan,No Match,-,0.0,Linkedin Leads
672,Summa College,nan,No Match,-,0.0,Linkedin Leads
673,Dimensio Verpakkingen B.V.,nan,No Match,-,0.0,Linkedin Leads
674,Pon Equipment Nederland,nan,No Match,-,0.0,Linkedin Leads
675,Nike,nan,No Match,-,0.0,Linkedin Leads
676,Gelissen Paardentransport B.V.,nan,No Match,-,0.0,Linkedin Leads
677,TOBROCO-GIANT,nan,No Match,-,0.0,Linkedin Leads
678,Degolo commercial PLC,nan,No Match,-,0.0,Linkedin Leads
679,Alcochem Hygiene,nan,No Match,-,0.0,Linkedin Leads
680,PVH Corp.,nan,No Match,-,0.0,Linkedin Leads
681,Niacet,nan,No Match,-,0.0,Linkedin Leads
682,Labor Holland,nan,No Match,-,0.0,Linkedin Leads
683,Sherizon,nan,No Match,-,0.0,Linkedin Leads
684,LUTEC,nan,No Match,-,0.0,Linkedin Leads
685,Levi Strauss & Co.,nan,No Match,-,0.0,Linkedin Leads
686,INTRACO Ltd. NV,nan,No Match,-,0.0,Linkedin Leads
687,Schonenberg,nan,No Match,-,0.0,Linkedin Leads
688,Pack-It,nan,No Match,-,0.0,Linkedin Leads
689,Henry Schein Services GmbH,nan,No Match,-,0.0,Linkedin Leads
690,Global Brand Supply,nan,No Match,-,0.0,Linkedin Leads
691,kuhne---heitz-bv,nan,No Match,-,0.0,Linkedin Leads
692,teak-selection-b.v.,nan,No Match,-,0.0,Linkedin Leads
693,Barentz Animal Nutrition,nan,No Match,-,0.0,Linkedin Leads
694,tralert,nan,No Match,-,0.0,Linkedin Leads
695,Senior leader supply chain operations and Process Development,nan,No Match,-,0.0,Linkedin Leads
696,Intercont freight liners,nan,No Match,-,0.0,Linkedin Leads
697,ot-design-bv,nan,No Match,-,0.0,Linkedin Leads
698,AGS KHZ,nan,No Match,-,0.0,Linkedin Leads
699,SIAT,nan,No Match,-,0.0,Linkedin Leads
700,Verdegro Group,nan,No Match,-,0.0,Linkedin Leads
701,NSK EDC,nan,No Match,-,0.0,Linkedin Leads
702,Nicky De Winter,nan,No Match,-,0.0,Linkedin Leads
703,Pack-It,nan,No Match,-,0.0,Linkedin Leads
704,kurian,nan,No Match,-,0.0,Linkedin Leads
705,Pack-It,nan,No Match,-,0.0,Linkedin Leads
706,vadelo,nan,No Match,-,0.0,Linkedin Leads
707,Vinayaka Textiles,nan,No Match,-,0.0,Linkedin Leads
708,Annelies Medi Spa,nan,No Match,-,0.0,Linkedin Leads
709,Honeywell,nan,No Match,-,0.0,Linkedin Leads
710,Mars,nan,No Match,-,0.0,Linkedin Leads
711,Vespo B.V.,nan,No Match,-,0.0,Linkedin Leads
712,OZ Planten,nan,No Match,-,0.0,Linkedin Leads
713,www.knipidee.nl,nan,No Match,-,0.0,Linkedin Leads
714,"Camec Sarl - Medical Distributor / Purchase, Sales, Maintenance, Construction, Consultancy",nan,No Match,-,0.0,Linkedin Leads
715,ZENS Wireless Charging,nan,No Match,-,0.0,Linkedin Leads
716,majestic-products-b-v-,nan,No Match,-,0.0,Linkedin Leads
717,Sakura Finetek Europe B.V.,nan,No Match,-,0.0,Linkedin Leads
718,Beijer Ref Support BV Oirschot,nan,No Match,-,0.0,Linkedin Leads
719,Quantore B.V.,nan,No Match,-,0.0,Linkedin Leads
720,TE Connectivity,nan,No Match,-,0.0,Linkedin Leads
721,Boska,nan,No Match,-,0.0,Linkedin Leads
722,Corbeo NV ,nan,No Match,-,0.0,Linkedin Leads
723,levarht,nan,levarht,1- MQL (Marketing),100.0,Linkedin Leads
724,gert-snel-interiors,nan,No Match,-,0.0,Linkedin Leads
725,Unlimited Footwear Group,nan,No Match,-,0.0,Linkedin Leads
726,Majestic Safety Products & Services B.V.,nan,No Match,-,0.0,Linkedin Leads
727,IMBEMA,nan,No Match,-,0.0,Linkedin Leads
728,Agrifirm,nan,No Match,-,0.0,Linkedin Leads
729,Biocartis,nan,No Match,-,0.0,Linkedin Leads
730,Coolblue,nan,No Match,-,0.0,Linkedin Leads
731,the-manitowoc-company,nan,No Match,-,0.0,Linkedin Leads
732,mega-collections,nan,No Match,-,0.0,Linkedin Leads
733,Debatrix,nan,No Match,-,0.0,Linkedin Leads
734,D-Care,nan,No Match,-,0.0,Linkedin Leads
735,NeoSEM,nan,No Match,-,0.0,Linkedin Leads
736,Woodvision B.V. | Outdoor Life Group,nan,No Match,-,0.0,Linkedin Leads
737,TotalWebBoost,nan,No Match,-,0.0,Linkedin Leads
738,Dijk Natural Collections,nan,No Match,-,0.0,Linkedin Leads
739,MTK+Bearings,nan,No Match,-,0.0,Linkedin Leads
740,Dozon Bouwtechniek,nan,No Match,-,0.0,Linkedin Leads
741,swisssense,nan,swiss sense,1- MQL (Marketing),95.23809523809523,Linkedin Leads
742,Plus 100 BV,nan,No Match,-,0.0,Linkedin Leads
743,partylite,nan,No Match,-,0.0,Linkedin Leads
744,omoda,nan,No Match,-,0.0,Linkedin Leads
745,adidas,nan,No Match,-,0.0,Linkedin Leads
746,ChinaWorks B.V.,nan,No Match,-,0.0,Linkedin Leads
747,Majestic Safety Products & Services B.V.,nan,No Match,-,0.0,Linkedin Leads
748,Solarclarity BV,nan,No Match,-,0.0,Linkedin Leads
749,hbi-tyres-&-wheels,nan,No Match,-,0.0,Linkedin Leads
750,NORTVI,nan,No Match,-,0.0,Linkedin Leads
751,Sonepar,nan,No Match,-,0.0,Linkedin Leads
752,VERGALLE NV,nan,No Match,-,0.0,Linkedin Leads
753,Salo U.A.,nan,No Match,-,0.0,Linkedin Leads
754,Unilever,nan,No Match,-,0.0,Linkedin Leads
755,Koninklijke Jumbo,nan,No Match,-,0.0,Linkedin Leads
756,BMS Projectstoffering,nan,No Match,-,0.0,Linkedin Leads
757,natuurinclusief,nan,No Match,-,0.0,Linkedin Leads
758,kuhne---heitz-bv,nan,No Match,-,0.0,Linkedin Leads
759,Bevaplast B.V.,nan,No Match,-,0.0,Linkedin Leads
760,Good Pair Days,nan,No Match,-,0.0,Linkedin Leads
761,King,nan,No Match,-,0.0,Linkedin Leads
762,"Qingdao Deba Brother Machinery Co.,Ltd",nan,No Match,-,0.0,Linkedin Leads
763,Emerson Network Power DHC B.V.,nan,No Match,-,0.0,Linkedin Leads
764,anthura-b-v-,nan,No Match,-,0.0,Linkedin Leads
765,tradeXpad,nan,No Match,-,0.0,Linkedin Leads
766,Bunzl Retail & Industry ,nan,No Match,-,0.0,Linkedin Leads
767,Mars,nan,No Match,-,0.0,Linkedin Leads
768,Nike,nan,No Match,-,0.0,Linkedin Leads
769,Sapph Distribution b.v.,nan,No Match,-,0.0,Linkedin Leads
770,Bdairy B.V.,nan,No Match,-,0.0,Linkedin Leads
771,Aben Services,nan,No Match,-,0.0,Linkedin Leads
772,24pharma,nan,No Match,-,0.0,Linkedin Leads
773,Sales & Sourcing Consulting,nan,No Match,-,0.0,Linkedin Leads
774,FOX Originals,nan,No Match,-,0.0,Linkedin Leads
775,Keith Export Services,nan,No Match,-,0.0,Linkedin Leads
776,hbi-tyres-&-wheels,nan,No Match,-,0.0,Linkedin Leads
777,GD Medical Pharma,nan,No Match,-,0.0,Linkedin Leads
778,Beko Verpakkingen,nan,No Match,-,0.0,Linkedin Leads
779,PETER CV Dinterloord Nederland,nan,No Match,-,0.0,Linkedin Leads
780,Group Depré,nan,No Match,-,0.0,Linkedin Leads
781,Capital Advertising Nederland,nan,No Match,-,0.0,Linkedin Leads
782,icu-medical,nan,No Match,-,0.0,Linkedin Leads
783,Fitmaniac,nan,No Match,-,0.0,Linkedin Leads
784,onlinekabelshop-nl,nan,No Match,-,0.0,Linkedin Leads
785,boska-holland,nan,No Match,-,0.0,Linkedin Leads
786,Cemex Trescon B.V.,nan,No Match,-,0.0,Linkedin Leads
787,DRI Rubber,nan,No Match,-,0.0,Linkedin Leads
788,DuPont Sustainable Solutions,nan,No Match,-,0.0,Linkedin Leads
789,Boskalis Offshore Energy division,nan,No Match,-,0.0,Linkedin Leads
790,herder-b-v-,nan,No Match,-,0.0,Linkedin Leads
791,NESTINOX BV,nan,No Match,-,0.0,Linkedin Leads
792,Dekkaran Productions,nan,No Match,-,0.0,Linkedin Leads
793,Nedac Sorbo Mascot,nan,No Match,-,0.0,Linkedin Leads
794,gymlabel,nan,No Match,-,0.0,Linkedin Leads
795,Lekker Bikes,nan,No Match,-,0.0,Linkedin Leads
796,Dillewijn Group BV,nan,No Match,-,0.0,Linkedin Leads
797,Mebu BV,nan,No Match,-,0.0,Linkedin Leads
798,"INTU, INTUlogic, INTUhome",nan,No Match,-,0.0,Linkedin Leads
799,psinnovative,nan,No Match,-,0.0,Linkedin Leads
800,toi-toys,nan,No Match,-,0.0,Linkedin Leads
801,Zutzu,nan,No Match,-,0.0,Linkedin Leads
802,green boy,nan,No Match,-,0.0,Linkedin Leads
803,heineken,nan,heineken,1- MQL (Marketing),100.0,Linkedin Leads
804,Online,nan,No Match,-,0.0,Linkedin Leads
805,psinnovative,nan,No Match,-,0.0,Linkedin Leads
806,midocean,nan,No Match,-,0.0,Linkedin Leads
807,DRI Rubber,nan,No Match,-,0.0,Linkedin Leads
808,YTS pump engineering BV,nan,No Match,-,0.0,Linkedin Leads
809,galico-nv,nan,No Match,-,0.0,Linkedin Leads
810,Tehava ,nan,No Match,-,0.0,Linkedin Leads
811,Isca Nederland BV,nan,No Match,-,0.0,Linkedin Leads
812,silk-ka-bv,nan,No Match,-,0.0,Linkedin Leads
813,REACon B.V.,nan,No Match,-,0.0,Linkedin Leads
814,Koodbloe Artist Agency,nan,No Match,-,0.0,Linkedin Leads
815,mars,nan,No Match,-,0.0,Linkedin Leads
816,Tennant Company,nan,No Match,-,0.0,Linkedin Leads
817,Boma Group,nan,No Match,-,0.0,Linkedin Leads
818,Sunday Brush,nan,No Match,-,0.0,Linkedin Leads
819,Viavisual B.V.,nan,No Match,-,0.0,Linkedin Leads
820,LOXAM Nederland,nan,No Match,-,0.0,Linkedin Leads
821,DisQounts International BV,nan,No Match,-,0.0,Linkedin Leads
822,Hakvoort Professional BV,nan,No Match,-,0.0,Linkedin Leads
823,NZA New Zealand Auckland,nan,No Match,-,0.0,Linkedin Leads
824,Somfy Group,nan,No Match,-,0.0,Linkedin Leads
825,Arovo International,nan,No Match,-,0.0,Linkedin Leads
826,durabo-bv,nan,No Match,-,0.0,Linkedin Leads
827,rino-&-pelle,nan,No Match,-,0.0,Linkedin Leads
828,Fetim Group,nan,No Match,-,0.0,Linkedin Leads
829,ma,nan,No Match,-,0.0,Linkedin Leads
830,Lambrechts NV ,nan,No Match,-,0.0,Linkedin Leads
831,thecookwarecompany,nan,No Match,-,0.0,Linkedin Leads
832,Gaston Schul | Customs & Trade Control,nan,No Match,-,0.0,Linkedin Leads
833,Kotrix BV,nan,No Match,-,0.0,Linkedin Leads
834,Leon Holding and Investments,nan,No Match,-,0.0,Linkedin Leads
835,EDCO Eindhoven BV,nan,No Match,-,0.0,Linkedin Leads
836,Coolblue,nan,No Match,-,0.0,Linkedin Leads
837,agrocultuur-bv,nan,No Match,-,0.0,Linkedin Leads
838,vintage-trimmings,nan,No Match,-,0.0,Linkedin Leads
839,Obbink,nan,No Match,-,0.0,Linkedin Leads
840,jouwboekhouder.nl,nan,No Match,-,0.0,Linkedin Leads
841,Vingino,nan,No Match,-,0.0,Linkedin Leads
842,One Stop Mobile,nan,No Match,-,0.0,Linkedin Leads
843,Forever Direct,nan,No Match,-,0.0,Linkedin Leads
844,Lambrechts NV ,nan,No Match,-,0.0,Linkedin Leads
845,bizbike,nan,bizbike,3 - Presenting (S),100.0,Linkedin Leads
846,Scotch & Soda,nan,No Match,-,0.0,Linkedin Leads
847,DMJ Outdoor B.V.,nan,No Match,-,0.0,Linkedin Leads
848,Jonard Tools,nan,No Match,-,0.0,Linkedin Leads
849,Sioen Industries,nan,No Match,-,0.0,Linkedin Leads
850,SFT WTR Solutions,nan,No Match,-,0.0,Linkedin Leads
851,groot-techniek-b-v-,nan,No Match,-,0.0,Linkedin Leads
852,Labels & Things ,nan,No Match,-,0.0,Linkedin Leads
853,Finest People,nan,No Match,-,0.0,Linkedin Leads
854,Lineas,nan,No Match,-,0.0,Linkedin Leads
855,Pacor Bags & Belts,nan,No Match,-,0.0,Linkedin Leads
856,Dometic Group,nan,No Match,-,0.0,Linkedin Leads
857,Energetic Lighting Europe N.V.,nan,No Match,-,0.0,Linkedin Leads
858,Fatbike®,nan,No Match,-,0.0,Linkedin Leads
859,Coty,nan,No Match,-,0.0,Linkedin Leads
860,mpd-mijn-pakket-dienst-b.v.,nan,No Match,-,0.0,Linkedin Leads
861,copa-home,nan,No Match,-,0.0,Linkedin Leads
862,Majestic Products B.V.,nan,No Match,-,0.0,Linkedin Leads
863,jobe-sports,nan,No Match,-,0.0,Linkedin Leads
864,MegaGroup,nan,No Match,-,0.0,Linkedin Leads
865,Pruvoost Consulting,nan,No Match,-,0.0,Linkedin Leads
866,FF-Packaging,nan,No Match,-,0.0,Linkedin Leads
867,-,nan,No Match,-,0.0,Linkedin Leads
868,PVH Europe B.V.,nan,No Match,-,0.0,Linkedin Leads
869,Fontem Ventures B.V.,nan,No Match,-,0.0,Linkedin Leads
870,Conex Holland B.V.,nan,No Match,-,0.0,Linkedin Leads
871,Newco Europe BV,nan,No Match,-,0.0,Linkedin Leads
872,Tumble 'N Dry,nan,No Match,-,0.0,Linkedin Leads
873,PAINTED.Amsterdam,nan,No Match,-,0.0,Linkedin Leads
874,Asamco Group,nan,No Match,-,0.0,Linkedin Leads
875,Garden Impressions Outdoor B.V.,nan,No Match,-,0.0,Linkedin Leads
876,keywestbedding,nan,No Match,-,0.0,Linkedin Leads
877,Velleman NV,nan,No Match,-,0.0,Linkedin Leads
878,Humpff,nan,No Match,-,0.0,Linkedin Leads
879,tegels-depaepe,nan,No Match,-,0.0,Linkedin Leads
880,Qurelife®,nan,No Match,-,0.0,Linkedin Leads
881,"Pentolabel B.V. Printing, Scanning & Supplies",nan,No Match,-,0.0,Linkedin Leads
882,Quality Textiles B.V.,nan,No Match,-,0.0,Linkedin Leads
883,WRD Trading,nan,No Match,-,0.0,Linkedin Leads
884,Van de Velde,nan,No Match,-,0.0,Linkedin Leads
885,MBiz sales,nan,No Match,-,0.0,Linkedin Leads
886,Arovo International,nan,No Match,-,0.0,Linkedin Leads
887,edco-eindhoven-bv,nan,No Match,-,0.0,Linkedin Leads
888,Admodum BVBA,nan,No Match,-,0.0,Linkedin Leads
889,Rebelz collection,nan,No Match,-,0.0,Linkedin Leads
890,EXASUN,nan,No Match,-,0.0,Linkedin Leads
891,Pack-It,nan,No Match,-,0.0,Linkedin Leads
892,www.awconnect.nl,nan,No Match,-,0.0,Linkedin Leads
893,C&A,nan,No Match,-,0.0,Linkedin Leads
894,Wildkamp,nan,No Match,-,0.0,Linkedin Leads
895,JMBC,nan,No Match,-,0.0,Linkedin Leads
896,Bunzl Retail & Industry ,nan,No Match,-,0.0,Linkedin Leads
897,olvi's,nan,No Match,-,0.0,Linkedin Leads
898,conxion,nan,No Match,-,0.0,Linkedin Leads
899,Argos Packaging & Protection,nan,No Match,-,0.0,Linkedin Leads
900,betap-tufting-b.v.,nan,No Match,-,0.0,Linkedin Leads
901,ESSENZA HOME,nan,No Match,-,0.0,Linkedin Leads
902,heuschenschrouff,nan,No Match,-,0.0,Linkedin Leads
903,Natec Sunergy,nan,No Match,-,0.0,Linkedin Leads
904,GOELST BELGIUM,nan,No Match,-,0.0,Linkedin Leads
905,ALLSPORT EQUIPMENT,nan,No Match,-,0.0,Linkedin Leads
906,SHI,nan,No Match,-,0.0,Linkedin Leads
907,vf-corporation,nan,No Match,-,0.0,Linkedin Leads
908,Coca-Cola European Partners,nan,No Match,-,0.0,Linkedin Leads
909,trendiy-bv,nan,No Match,-,0.0,Linkedin Leads
910,BekaertDeslee,nan,No Match,-,0.0,Linkedin Leads
911,Makso Assemblage B.V,nan,No Match,-,0.0,Linkedin Leads
912,rienties-tuinmachines,nan,No Match,-,0.0,Linkedin Leads
913,van Hoorebeke Timber,nan,No Match,-,0.0,Linkedin Leads
914,Karsten Europe B.V.,nan,No Match,-,0.0,Linkedin Leads
915,Philips,nan,No Match,-,0.0,Linkedin Leads
916,Sacobel World Leather Confections B.V.,nan,No Match,-,0.0,Linkedin Leads
917,Molcon Interwheels,nan,No Match,-,0.0,Linkedin Leads
918,dresz-international-bv,nan,No Match,-,0.0,Linkedin Leads
919,Severin Elektrogeräte GmbH,nan,No Match,-,0.0,Linkedin Leads
920,vako-systems-for-your-window,nan,No Match,-,0.0,Linkedin Leads
921,Van Iperen,nan,No Match,-,0.0,Linkedin Leads
922,Remoticom,nan,No Match,-,0.0,Linkedin Leads
923,van-besouw,nan,No Match,-,0.0,Linkedin Leads
924,Daikin Europe,nan,No Match,-,0.0,Linkedin Leads
925,Valstar (part of Best Fresh),nan,No Match,-,0.0,Linkedin Leads
926,Hch Kettelhack Germany,nan,No Match,-,0.0,Linkedin Leads
927,nemad,nan,No Match,-,0.0,Linkedin Leads
928,Coram,nan,No Match,-,0.0,Linkedin Leads
929,sligro-food-group,nan,No Match,-,0.0,Linkedin Leads
930,Expice B.V.,nan,No Match,-,0.0,Linkedin Leads
931,Biocartis,nan,No Match,-,0.0,Linkedin Leads
932,Schotman Elektro BV.,nan,No Match,-,0.0,Linkedin Leads
933,schadebo,nan,No Match,-,0.0,Linkedin Leads
934,JACOBS DOUWE EGBERTS,nan,No Match,-,0.0,Linkedin Leads
935,vako-systems-for-your-window,nan,No Match,-,0.0,Linkedin Leads
936,MARFASHION,nan,No Match,-,0.0,Linkedin Leads
937,Amway,nan,No Match,-,0.0,Linkedin Leads
938,Unilever,nan,No Match,-,0.0,Linkedin Leads
939,vako-systems-for-your-window,nan,No Match,-,0.0,Linkedin Leads
940,royal-lemkes-group,nan,No Match,-,0.0,Linkedin Leads
941,wiltec-bv,nan,No Match,-,0.0,Linkedin Leads
942,706 Seating Group,nan,No Match,-,0.0,Linkedin Leads
943,Isero B.V.,nan,No Match,-,0.0,Linkedin Leads
944,BergHOFF Worldwide,nan,No Match,-,0.0,Linkedin Leads
945,ultraknee,nan,No Match,-,0.0,Linkedin Leads
946,cabooter-group,nan,No Match,-,0.0,Linkedin Leads
947,Nature's Green,nan,No Match,-,0.0,Linkedin Leads
948,Allsport Group,nan,No Match,-,0.0,Linkedin Leads
949,ED&F Man,nan,No Match,-,0.0,Linkedin Leads
950,Kampen Machinefabriek Velsen B.V.,nan,No Match,-,0.0,Linkedin Leads
951,wecovi-bv,nan,No Match,-,0.0,Linkedin Leads
952,Goelst NL B.V.,nan,No Match,-,0.0,Linkedin Leads
953,Semecs - Exceptional PCB assembly,nan,No Match,-,0.0,Linkedin Leads
954,Edurus AB,nan,No Match,-,0.0,Linkedin Leads
955,Holland Haag,nan,No Match,-,0.0,Linkedin Leads
956,superflora-bv,nan,No Match,-,0.0,Linkedin Leads
957,Nike,nan,No Match,-,0.0,Linkedin Leads
958,Top Wines Trading,nan,No Match,-,0.0,Linkedin Leads
959,Flamingo Flowers BV,nan,No Match,-,0.0,Linkedin Leads
960,Michael Kors,nan,No Match,-,0.0,Linkedin Leads
961,maintec,nan,No Match,-,0.0,Linkedin Leads
962,"LED Technology Dutch Design BV, Brand LUUMS",nan,No Match,-,0.0,Linkedin Leads
963,ecno,nan,No Match,-,0.0,Linkedin Leads
964,DHL,nan,No Match,-,0.0,Linkedin Leads
965,Pentrade Duty Free B.V.,nan,No Match,-,0.0,Linkedin Leads
966,Fun Belgium,nan,No Match,-,0.0,Linkedin Leads
967,Nordson Corporation,nan,No Match,-,0.0,Linkedin Leads
968,Latexco US,nan,No Match,-,0.0,Linkedin Leads
969,Ab-inbev be,nan,No Match,-,0.0,Linkedin Leads
970,Ulu,nan,No Match,-,0.0,Linkedin Leads
971,biocore,nan,No Match,-,0.0,Linkedin Leads
972,Jiffy Group,nan,No Match,-,0.0,Linkedin Leads
973,Condor Grass,nan,No Match,-,0.0,Linkedin Leads
974,ChinaWorks BV,nan,No Match,-,0.0,Linkedin Leads
975,Capital Advertising Nederland,nan,No Match,-,0.0,Linkedin Leads
976,Shypple,nan,No Match,-,0.0,Linkedin Leads
977,Eurofar International B.V.,nan,No Match,-,0.0,Linkedin Leads
978,Riwal,nan,No Match,-,0.0,Linkedin Leads
979,mendels-fashion-group,nan,No Match,-,0.0,Linkedin Leads
980,Coty,nan,No Match,-,0.0,Linkedin Leads
981,Sally Beauty,nan,No Match,-,0.0,Linkedin Leads
982,Bailey Electric & Electronics bv,nan,No Match,-,0.0,Linkedin Leads
983,RZMA Medica,nan,No Match,-,0.0,Linkedin Leads
984,sinelco-international,nan,No Match,-,0.0,Linkedin Leads
985,Fetim Group,nan,No Match,-,0.0,Linkedin Leads
986,Summa College,nan,No Match,-,0.0,Linkedin Leads
987,Kaemingk,nan,No Match,-,0.0,Linkedin Leads
988,CR-Logistics,nan,No Match,-,0.0,Linkedin Leads
989,Applied Medical,nan,No Match,-,0.0,Linkedin Leads
990,Boston Scientific,nan,No Match,-,0.0,Linkedin Leads
991,Velleman NV,nan,No Match,-,0.0,Linkedin Leads
992,Coolmark BV,nan,No Match,-,0.0,Linkedin Leads
993,E-Commerce Center Europe ,nan,No Match,-,0.0,Linkedin Leads
994,Lienesch bv,nan,No Match,-,0.0,Linkedin Leads
995,Smets Food Trading,nan,No Match,-,0.0,Linkedin Leads
996,AquaSecurity,nan,No Match,-,0.0,Linkedin Leads
997,Cesano Group BV,nan,No Match,-,0.0,Linkedin Leads
998,ARBOwinkel.nl B.V.,nan,No Match,-,0.0,Linkedin Leads
999,Decostar The Netherlands,nan,No Match,-,0.0,Linkedin Leads
1000,aembv-maasbree,nan,No Match,-,0.0,Linkedin Leads
1001,BekaertDeslee,nan,No Match,-,0.0,Linkedin Leads
1002,Altripan N.V.,nan,No Match,-,0.0,Linkedin Leads
1003,Tricorp Workwear,nan,No Match,-,0.0,Linkedin Leads
1004,Mees van den Brink BV,nan,No Match,-,0.0,Linkedin Leads
1005,Ontex,nan,No Match,-,0.0,Linkedin Leads
1006,Biomedic B.V.,nan,No Match,-,0.0,Linkedin Leads
1007,LOJEL Benelux,nan,No Match,-,0.0,Linkedin Leads
1008,Bakker.com,nan,No Match,-,0.0,Linkedin Leads
1009,distri-rail-b-v-,nan,No Match,-,0.0,Linkedin Leads
1010,Jobe Sports International,nan,No Match,-,0.0,Linkedin Leads
1011,Medical Essentials,nan,No Match,-,0.0,Linkedin Leads
1012,Kimberly-Clark,nan,No Match,-,0.0,Linkedin Leads
1013,Kobout BV,nan,No Match,-,0.0,Linkedin Leads
1014,Sunrise Medical ,nan,No Match,-,0.0,Linkedin Leads
1015,YESSS Elektro,nan,No Match,-,0.0,Linkedin Leads
1016,interfilling-b.v.,nan,No Match,-,0.0,Linkedin Leads
1017,Esportclothing,nan,No Match,-,0.0,Linkedin Leads
1018,prosystems,nan,No Match,-,0.0,Linkedin Leads
1019,HMZ Fashiongroup,nan,No Match,-,0.0,Linkedin Leads
1020,furnified,nan,No Match,-,0.0,Linkedin Leads
1021,SPX Flow Technology Assen B.V.,nan,No Match,-,0.0,Linkedin Leads
1022,Lens Optical Group,nan,No Match,-,0.0,Linkedin Leads
1023,LifeScan,nan,No Match,-,0.0,Linkedin Leads
1024,Park Punt West Vastgoed B.V.,nan,No Match,-,0.0,Linkedin Leads
1025,HMZ Fashiongroup,nan,No Match,-,0.0,Linkedin Leads
1026,vibrant-led-lights,nan,No Match,-,0.0,Linkedin Leads
1027,DMJ Outdoor B.V.,nan,No Match,-,0.0,Linkedin Leads
1028,Oneflor-Europe BVBA,nan,No Match,-,0.0,Linkedin Leads
1029,lantmannen,nan,No Match,-,0.0,Linkedin Leads
1030,Scooterspot Amsterdam,nan,No Match,-,0.0,Linkedin Leads
1031,Hampton Bays,nan,No Match,-,0.0,Linkedin Leads
1032,Smart Life BV,nan,No Match,-,0.0,Linkedin Leads
1033,NES,nan,No Match,-,0.0,Linkedin Leads
1034,Scotch & Soda,nan,No Match,-,0.0,Linkedin Leads
1035,cotit,nan,No Match,-,0.0,Linkedin Leads
1036,Trendiy bv,nan,No Match,-,0.0,Linkedin Leads
1037,Werti-Verpakkingen,nan,No Match,-,0.0,Linkedin Leads
1038,Kama Home en Body Care New Zealand,nan,No Match,-,0.0,Linkedin Leads
1039,ebusco,nan,No Match,-,0.0,Linkedin Leads
1040,customs-support,nan,No Match,-,0.0,Linkedin Leads
1041,universal-electronics,nan,No Match,-,0.0,Linkedin Leads
1042,Aertssen Group,nan,No Match,-,0.0,Linkedin Leads
1043,123inkt.nl - 123-3d.nl - 123accu.nl - 123led.nl - 123schoon.nl,nan,No Match,-,0.0,Linkedin Leads
1044,Makso Assemblage B.V,nan,No Match,-,0.0,Linkedin Leads
1045,Heal & Seal Biotech,nan,No Match,-,0.0,Linkedin Leads
1046,HANOS Internationale Horeca Groothandel,nan,No Match,-,0.0,Linkedin Leads
1047,gastonschul,nan,No Match,-,0.0,Linkedin Leads
1048,Trendiy bv,nan,No Match,-,0.0,Linkedin Leads
1049,Baardse plant b.v,nan,No Match,-,0.0,Linkedin Leads
1050,american-dj-europe,nan,No Match,-,0.0,Linkedin Leads
1051,123inkt-nl,nan,No Match,-,0.0,Linkedin Leads
1052,Aqua-fun Leisure & Pleasure Company,nan,No Match,-,0.0,Linkedin Leads
1053,thyssenkrupp-materials-nederland,nan,No Match,-,0.0,Linkedin Leads
1054,"Spectrum Brands, Inc",nan,No Match,-,0.0,Linkedin Leads
1055,alewijnse,nan,No Match,-,0.0,Linkedin Leads
1056,Flextronics,nan,No Match,-,0.0,Linkedin Leads
1057,Koopman Interlight,nan,No Match,-,0.0,Linkedin Leads
1058,FootBrands,nan,No Match,-,0.0,Linkedin Leads
1059,Plato Group B.V.,nan,No Match,-,0.0,Linkedin Leads
1060,Schering & Inslag,nan,No Match,-,0.0,Linkedin Leads
1061,Mars Food Europe CV,nan,No Match,-,0.0,Linkedin Leads
1062,Nedis BV,nan,No Match,-,0.0,Linkedin Leads
1063,BrandLoyalty,nan,No Match,-,0.0,Linkedin Leads
1064,fnf-ingredients,nan,No Match,-,0.0,Linkedin Leads
1065,steenkist-rooijmans,nan,No Match,-,0.0,Linkedin Leads
1066,Jeveka,nan,No Match,-,0.0,Linkedin Leads
1067,fToi ,nan,No Match,-,0.0,Linkedin Leads
1068,Koopman International B.V.,nan,No Match,-,0.0,Linkedin Leads
1069,Ariston Thermo Group,nan,No Match,-,0.0,Linkedin Leads
1070,weska-bv,nan,No Match,-,0.0,Linkedin Leads
1071,Technologies Added,nan,No Match,-,0.0,Linkedin Leads
1072,Kroonint BV,nan,No Match,-,0.0,Linkedin Leads
1073,Orlimex CZ s.r.o Benelux,nan,No Match,-,0.0,Linkedin Leads
1074,PCPOW,nan,No Match,-,0.0,Linkedin Leads
1075,agrocultuur-bv,nan,No Match,-,0.0,Linkedin Leads
1076,ventilex-dryers,nan,No Match,-,0.0,Linkedin Leads
1077,Shipex nv,nan,No Match,-,0.0,Linkedin Leads
1078,speelgoedland,nan,speelgoedland b v,9 - Inactive (CS),95.0,Linkedin Leads
1079,Dillewijn Group BV,nan,No Match,-,0.0,Linkedin Leads
1080,"Rotterdam School of Management, Erasmus University",nan,No Match,-,0.0,Linkedin Leads
1081,Maejor Nuts B.V.,nan,No Match,-,0.0,Linkedin Leads
1082,ABF Bearings,nan,No Match,-,0.0,Linkedin Leads
1083,scotch-&-soda,nan,No Match,-,0.0,Linkedin Leads
1084,Lunado Group BV,nan,No Match,-,0.0,Linkedin Leads
1085,stc-knrm,nan,No Match,-,0.0,Linkedin Leads
1086,TKF (BV Twentsche Kabelfabriek),nan,No Match,-,0.0,Linkedin Leads
1087,Nedis BV,nan,No Match,-,0.0,Linkedin Leads
1088,Maatschappij van de Brugse Zeehaven,nan,No Match,-,0.0,Linkedin Leads
1089,SCP Benelux,nan,No Match,-,0.0,Linkedin Leads
1090,nrg-recruitment,nan,No Match,-,0.0,Linkedin Leads
1091,HAZA Groep B.V.,nan,No Match,-,0.0,Linkedin Leads
1092,Schouten Group,nan,No Match,-,0.0,Linkedin Leads
1093,ventilex-dryers,nan,No Match,-,0.0,Linkedin Leads
1094,koninklijke-peitsman-b-v-,nan,No Match,-,0.0,Linkedin Leads
1095,Lasaulec B.V.,nan,No Match,-,0.0,Linkedin Leads
1096,kmwe,nan,No Match,-,0.0,Linkedin Leads
1097,testo-nv,nan,No Match,-,0.0,Linkedin Leads
1098,JSC National water company,nan,No Match,-,0.0,Linkedin Leads
1099,Bamboespecialist.com,nan,No Match,-,0.0,Linkedin Leads
1100,MacLean B.V.,nan,No Match,-,0.0,Linkedin Leads
1101,Moinho,nan,No Match,-,0.0,Linkedin Leads
1102,Mars,nan,No Match,-,0.0,Linkedin Leads
1103,interflon-belgië-nv,nan,No Match,-,0.0,Linkedin Leads
1104,fire-up-international-b.v.,nan,No Match,-,0.0,Linkedin Leads
1105,Eltra (Part of Heylen Group),nan,No Match,-,0.0,Linkedin Leads
1106,boska-holland,nan,No Match,-,0.0,Linkedin Leads
1107,Majestic Products B.V.,nan,No Match,-,0.0,Linkedin Leads
1108,alcomotive,nan,No Match,-,0.0,Linkedin Leads
1109,Boska,nan,No Match,-,0.0,Linkedin Leads
1110,alres-b-v-,nan,No Match,-,0.0,Linkedin Leads
1111,Colourstock Benelux,nan,No Match,-,0.0,Linkedin Leads
1112,jobe-sports,nan,No Match,-,0.0,Linkedin Leads
1113,Sligro Food Group,nan,No Match,-,0.0,Linkedin Leads
1114,Kerstens Voeten b.v.,nan,No Match,-,0.0,Linkedin Leads
1115,widemex-international-bv,nan,No Match,-,0.0,Linkedin Leads
1116,Bamboespecialist.com,nan,No Match,-,0.0,Linkedin Leads
1117,Star-Living Global Scouring Ltd.,nan,No Match,-,0.0,Linkedin Leads
1118,ProNails,nan,No Match,-,0.0,Linkedin Leads
1119,passa-sports,nan,No Match,-,0.0,Linkedin Leads
1120,Zelfstandig,nan,No Match,-,0.0,Linkedin Leads
1121,Norah ,nan,No Match,-,0.0,Linkedin Leads
1122,The Climate Factory ,nan,No Match,-,0.0,Linkedin Leads
1123,elho,nan,No Match,-,0.0,Linkedin Leads
1124,Thales Cryogenics B.V,nan,No Match,-,0.0,Linkedin Leads
1125,grant-thornton-belgium,nan,No Match,-,0.0,Linkedin Leads
1126,gerlach-customs,nan,No Match,-,0.0,Linkedin Leads
1127,Koninklijke Jumbo B.V.,nan,No Match,-,0.0,Linkedin Leads
1128,multibat-nederland-bv,nan,No Match,-,0.0,Linkedin Leads
1129,JACOBS DOUWE EGBERTS,nan,No Match,-,0.0,Linkedin Leads
1130,Barco,nan,No Match,-,0.0,Linkedin Leads
1131,Murata,nan,No Match,-,0.0,Linkedin Leads
1132,aquanova,nan,aquanova,1- MQL (Marketing),100.0,Linkedin Leads
1133,Carpet Rebel,nan,No Match,-,0.0,Linkedin Leads
1134,thegiftgroothandel,nan,No Match,-,0.0,Linkedin Leads
1135,Esschert Design B.V.,nan,No Match,-,0.0,Linkedin Leads
1136,Childhome,nan,No Match,-,0.0,Linkedin Leads
1137,suer-nutzfahrzeugtechnik-gmbh-&-co-kg,nan,No Match,-,0.0,Linkedin Leads
1138,TCC Spares B.V.,nan,No Match,-,0.0,Linkedin Leads
1139,Longwise Online,nan,No Match,-,0.0,Linkedin Leads
1140,nippon-express-belgium-,nan,No Match,-,0.0,Linkedin Leads
1141,Calze del mondo bv,nan,No Match,-,0.0,Linkedin Leads
1142,Coastlink B.V.,nan,No Match,-,0.0,Linkedin Leads
1143,agrocultuur-bv,nan,No Match,-,0.0,Linkedin Leads
1144,512-50328666,nan,No Match,-,0.0,Linkedin Leads
1145,"Spectrum Brands, Inc",nan,No Match,-,0.0,Linkedin Leads
1146,Robo Educational Toys,nan,No Match,-,0.0,Linkedin Leads
1147,The Medical Export Group BV,nan,No Match,-,0.0,Linkedin Leads
1148,Sinelco int bv,nan,No Match,-,0.0,Linkedin Leads
1149,Davidts Ltd,nan,No Match,-,0.0,Linkedin Leads
1150,GAR,nan,No Match,-,0.0,Linkedin Leads
1151,remeha,nan,No Match,-,0.0,Linkedin Leads
1152,Golden Agri resources,nan,No Match,-,0.0,Linkedin Leads
1153,Edelman BV,nan,No Match,-,0.0,Linkedin Leads
1154,Decostar The Netherlands,nan,No Match,-,0.0,Linkedin Leads
1155,GAR,nan,No Match,-,0.0,Linkedin Leads
1156,deltion-college,nan,No Match,-,0.0,Linkedin Leads
1157,helenevskincare,nan,No Match,-,0.0,Linkedin Leads
1158,Nationale Theaterkassa,nan,No Match,-,0.0,Linkedin Leads
1159,Dillewijn Group BV,nan,No Match,-,0.0,Linkedin Leads
1160,kvadrat,nan,No Match,-,0.0,Linkedin Leads
1161,MyMicro Group B.V.,nan,No Match,-,0.0,Linkedin Leads
1162,"Spectrum Brands, Inc",nan,No Match,-,0.0,Linkedin Leads
1163,SCP Benelux,nan,No Match,-,0.0,Linkedin Leads
1164,Job Talent,nan,No Match,-,0.0,Linkedin Leads
1165,hardie's-mode,nan,No Match,-,0.0,Linkedin Leads
1166,Furnified,nan,No Match,-,0.0,Linkedin Leads
1167,GorillaGrip BV,nan,No Match,-,0.0,Linkedin Leads
1168,Sally Beauty,nan,No Match,-,0.0,Linkedin Leads
1169,Kalmar,nan,No Match,-,0.0,Linkedin Leads
1170,macdermid-alpha-electronics-solutions,nan,No Match,-,0.0,Linkedin Leads
1171,Natec Sunergy BV,nan,No Match,-,0.0,Linkedin Leads
1172,bevaplast-bv,nan,No Match,-,0.0,Linkedin Leads
1173,M-PETS BeNeLux,nan,No Match,-,0.0,Linkedin Leads
1174,LivWise,nan,No Match,-,0.0,Linkedin Leads
1175,BV Twentsche Kabelfabriek,nan,No Match,-,0.0,Linkedin Leads
1176,eSWay Interim Management ,nan,No Match,-,0.0,Linkedin Leads
1177,Ixus Trade,nan,No Match,-,0.0,Linkedin Leads
1178,Coöperatie Best Dental Support U.A.,nan,No Match,-,0.0,Linkedin Leads
1179,busindustrial,nan,No Match,-,0.0,Linkedin Leads
1180,LG Electronics European Service,nan,No Match,-,0.0,Linkedin Leads
1181,ISERO IJzerwarengroep,nan,No Match,-,0.0,Linkedin Leads
1182,Technische Unie,nan,No Match,-,0.0,Linkedin Leads
1183,Unlimited Footwear Group,nan,No Match,-,0.0,Linkedin Leads
1184,Bolsius Group,nan,No Match,-,0.0,Linkedin Leads
1185,handbal coach,nan,No Match,-,0.0,Linkedin Leads
1186,Qqnut Limited,nan,No Match,-,0.0,Linkedin Leads
1187,mees-van-den-brink-bv,nan,No Match,-,0.0,Linkedin Leads
1188,elho,nan,No Match,-,0.0,Linkedin Leads
1189,Coenco,nan,No Match,-,0.0,Linkedin Leads
1190,Novosanis,nan,No Match,-,0.0,Linkedin Leads
1191,Transition IT,nan,No Match,-,0.0,Linkedin Leads
1192,Mintjens furniture,nan,No Match,-,0.0,Linkedin Leads
1193,WISCOMEX BV,nan,No Match,-,0.0,Linkedin Leads
1194,Betasped,nan,No Match,-,0.0,Linkedin Leads
1195,ONEFLOR EUROPE,nan,No Match,-,0.0,Linkedin Leads
1196,The Toy Tailor,nan,No Match,-,0.0,Linkedin Leads
1197,ten-brundel-wonen-b.v.,nan,No Match,-,0.0,Linkedin Leads
1198,Creamy Creation,nan,No Match,-,0.0,Linkedin Leads
1199,Dijk Natural Collections,nan,No Match,-,0.0,Linkedin Leads
1200,,nan,No Match,-,0.0,Linkedin Leads
1201,Asia Forwarding Pvt. Ltd,nan,No Match,-,0.0,Linkedin Leads
1202,Nddj,nan,No Match,-,0.0,Linkedin Leads
1203,GD-iTS Forwarding B.V.,nan,No Match,-,0.0,Linkedin Leads
1204,Drielink International BV,nan,No Match,-,0.0,Linkedin Leads
1205,Goldstaff,nan,No Match,-,0.0,Linkedin Leads
1206,ePacket Express,nan,No Match,-,0.0,Linkedin Leads
1207,OPA International B.V.,nan,No Match,-,0.0,Linkedin Leads
1208,Ebury,nan,No Match,-,0.0,Linkedin Leads
1209,Arvato,nan,No Match,-,0.0,Linkedin Leads
1210,MGC TRANSITARIOS,nan,No Match,-,0.0,Linkedin Leads
1211,Van Dam Sports,nan,No Match,-,0.0,Linkedin Leads
1212,uu,nan,No Match,-,0.0,Linkedin Leads
1213,Royal Reesink,nan,No Match,-,0.0,Linkedin Leads
1214,Milmar Shipping Co.,nan,No Match,-,0.0,Linkedin Leads
1215,G.A. Maas Leder B.V.,nan,No Match,-,0.0,Linkedin Leads
1216,ProjectCahir,nan,No Match,-,0.0,Linkedin Leads
1217,Next Lubricants bv,nan,No Match,-,0.0,Linkedin Leads
1218,ff,nan,No Match,-,0.0,Linkedin Leads
1219,ET International V.O.F.,nan,No Match,-,0.0,Linkedin Leads
1220,OEBY,nan,No Match,-,0.0,Linkedin Leads
1221,Centrient Pharmaceuticals,nan,No Match,-,0.0,Linkedin Leads
1222,Atlas,nan,No Match,-,0.0,Linkedin Leads
1223,DEXWELL,nan,No Match,-,0.0,Linkedin Leads
1224,Jobien Kleingeld - Creatief denker en doener,nan,No Match,-,0.0,Linkedin Leads
1225,CLIMA,nan,No Match,-,0.0,Linkedin Leads
1226,K.M.Roos,nan,No Match,-,0.0,Linkedin Leads
1227,Mtrading B.V.,nan,No Match,-,0.0,Linkedin Leads
1228,EUSU Logistics,nan,No Match,-,0.0,Linkedin Leads
1229,Prenger Healthcare B.V.,nan,No Match,-,0.0,Linkedin Leads
1230,Multi Cargo Logistics B.V.,nan,No Match,-,0.0,Linkedin Leads
1231,United Dutch Breweries,nan,No Match,-,0.0,Linkedin Leads
1232,"WENZHOU NICEPACKING CO.,LTD.",nan,No Match,-,0.0,Linkedin Leads
1233,Houtcomposietdiscount.nl,nan,No Match,-,0.0,Linkedin Leads
1234,By Agha Sahib,nan,No Match,-,0.0,Linkedin Leads
1235,GET transport,nan,No Match,-,0.0,Linkedin Leads
1236,Consultant,nan,No Match,-,0.0,Linkedin Leads
1237,BAMBUSHANDEL,nan,No Match,-,0.0,Linkedin Leads
1238,Baars Financieel Management B.V.,nan,No Match,-,0.0,Linkedin Leads
1239,1-2-Taste,nan,No Match,-,0.0,Linkedin Leads
1240,WWS,nan,No Match,-,0.0,Linkedin Leads
1241,Global Paint Products B.V.,nan,No Match,-,0.0,Linkedin Leads
1242,van-den-assem-schoenen,nan,No Match,-,0.0,Linkedin Leads
1243,DENSO,nan,No Match,-,0.0,Linkedin Leads
1244,The Cookware Company,nan,No Match,-,0.0,Linkedin Leads
1245,Saint-Gobain,nan,No Match,-,0.0,Linkedin Leads
1246,DYKA PLASTICS NV,nan,No Match,-,0.0,Linkedin Leads
1247,Vaessen BV,nan,No Match,-,0.0,Linkedin Leads
1248,fenix-outdoor-,nan,No Match,-,0.0,Linkedin Leads
1249,Falko BV - Import/export groothandel in fietsonderdelen en accessoires,nan,No Match,-,0.0,Linkedin Leads
1250,adomex-international-b.v.,nan,No Match,-,0.0,Linkedin Leads
1251,JACOB COMPANY,nan,No Match,-,0.0,Linkedin Leads
1252,Horesca Horecavo,nan,No Match,-,0.0,Linkedin Leads
1253,HMZ Fashiongroup,nan,No Match,-,0.0,Linkedin Leads
1254,medipoint,nan,No Match,-,0.0,Linkedin Leads
1255,heineken,nan,heineken,1- MQL (Marketing),100.0,Linkedin Leads
1256,Harting-Bank ,nan,No Match,-,0.0,Linkedin Leads
1257,cebeo,nan,cebeo,1- MQL (Marketing),100.0,Linkedin Leads
1258,INEOS,nan,No Match,-,0.0,Linkedin Leads
1259,Mars,nan,No Match,-,0.0,Linkedin Leads
1260,Super B Lithium Power B.V.,nan,No Match,-,0.0,Linkedin Leads
1261,havatec-bv,nan,No Match,-,0.0,Linkedin Leads
1262,Ravago Chemicals,nan,No Match,-,0.0,Linkedin Leads
1263,TOBROCO-GIANT,nan,No Match,-,0.0,Linkedin Leads
1264,holland-barrett-benelux,nan,No Match,-,0.0,Linkedin Leads
1265,mymicro-group-b-v-,nan,No Match,-,0.0,Linkedin Leads
1266,ALDI Belgium,nan,No Match,-,0.0,Linkedin Leads
1267,gastonschul,nan,No Match,-,0.0,Linkedin Leads
1268,The New Originals,nan,No Match,-,0.0,Linkedin Leads
1269,IVC Group,nan,No Match,-,0.0,Linkedin Leads
1270,furnified,nan,No Match,-,0.0,Linkedin Leads
1271,SKF Group,nan,No Match,-,0.0,Linkedin Leads
1272,Laroy Group nv,nan,No Match,-,0.0,Linkedin Leads
1273,JACOBS DOUWE EGBERTS,nan,No Match,-,0.0,Linkedin Leads
1274,Promeco nv,nan,No Match,-,0.0,Linkedin Leads
1275,SCION Instruments,nan,No Match,-,0.0,Linkedin Leads
1276,-,nan,No Match,-,0.0,Linkedin Leads
1277,Henri Willig Group,nan,No Match,-,0.0,Linkedin Leads
1278,Transferro,nan,No Match,-,0.0,Linkedin Leads
1279,Edzo Import BV,nan,No Match,-,0.0,Linkedin Leads
1280,EVAL Europe N.V.,nan,No Match,-,0.0,Linkedin Leads
1281,rexel,nan,No Match,-,0.0,Linkedin Leads
1282,bizbike,nan,bizbike,3 - Presenting (S),100.0,Linkedin Leads
1283,manusvr,nan,No Match,-,0.0,Linkedin Leads
1284,Boom B.V.,nan,No Match,-,0.0,Linkedin Leads
1285,alsico-hightech,nan,No Match,-,0.0,Linkedin Leads
1286,mogemabv,nan,No Match,-,0.0,Linkedin Leads
1287,hollister-incorporated,nan,No Match,-,0.0,Linkedin Leads
1288,de-gruijter,nan,No Match,-,0.0,Linkedin Leads
1289,vako-systems-for-your-window,nan,No Match,-,0.0,Linkedin Leads
1290,Pop Vriend Seeds,nan,No Match,-,0.0,Linkedin Leads
1291,Shuttlewise,nan,No Match,-,0.0,Linkedin Leads
1292,Balt,nan,No Match,-,0.0,Linkedin Leads
1293,HWRK Housing + Facility Professionals,nan,No Match,-,0.0,Linkedin Leads
1294,Remia C.V.,nan,No Match,-,0.0,Linkedin Leads
1295,swisssense,nan,swiss sense,1- MQL (Marketing),95.23809523809523,Linkedin Leads
1296,COCO-Morocco part of Mogador Home Resort S.a.r.l.,nan,No Match,-,0.0,Linkedin Leads
1297,Ten Cate Outdoor Fabrics,nan,No Match,-,0.0,Linkedin Leads
1298,Koninklijke Dekker,nan,No Match,-,0.0,Linkedin Leads
1299,maximavida,nan,maximavida,8 - Loyal (CS),100.0,Linkedin Leads
1300,Bridgestone EMEA,nan,No Match,-,0.0,Linkedin Leads
1301,rogelli-sportswear,nan,No Match,-,0.0,Linkedin Leads
1302,ijsvogel-retail,nan,No Match,-,0.0,Linkedin Leads
1303,bliving,nan,No Match,-,0.0,Linkedin Leads
1304,boels-rental,nan,No Match,-,0.0,Linkedin Leads
1305,facility-trade-group,nan,No Match,-,0.0,Linkedin Leads
1306,haecksubcontracting,nan,No Match,-,0.0,Linkedin Leads
1307,Bunzl Retail & Industry Nederland,nan,No Match,-,0.0,Linkedin Leads
1308,cemex-trescon-b-v-,nan,No Match,-,0.0,Linkedin Leads
1309,Brinks Metaalbewerking BV,nan,No Match,-,0.0,Linkedin Leads
1310,Rensa Family Company,nan,No Match,-,0.0,Linkedin Leads
1311,heuschenschrouff,nan,No Match,-,0.0,Linkedin Leads
1312,Boosterbox,nan,No Match,-,0.0,Linkedin Leads
1313,Harting-Bank ,nan,No Match,-,0.0,Linkedin Leads
1314,Circular Industries,nan,No Match,-,0.0,Linkedin Leads
1315,nussbaumer,nan,No Match,-,0.0,Linkedin Leads
1316,Kramp,nan,No Match,-,0.0,Linkedin Leads
1317,jlg-industries,nan,No Match,-,0.0,Linkedin Leads
1318,Garfield Aluminium,nan,No Match,-,0.0,Linkedin Leads
1319,haecksubcontracting,nan,No Match,-,0.0,Linkedin Leads
1320,Hoshizaki Europe B.V. (EMENA),nan,No Match,-,0.0,Linkedin Leads
1321,VDL Agrotech,nan,No Match,-,0.0,Linkedin Leads
1322,Ahlers,nan,No Match,-,0.0,Linkedin Leads
1323,Pon Equipment Nederland,nan,No Match,-,0.0,Linkedin Leads
1324,maximavida,nan,maximavida,8 - Loyal (CS),100.0,Linkedin Leads
1325,calcitdoo,nan,No Match,-,0.0,Linkedin Leads
1326,makro-kerstpakketten,nan,No Match,-,0.0,Linkedin Leads
1327,Rebelcell,nan,No Match,-,0.0,Linkedin Leads
1328,unilever,nan,unilever,1- MQL (Marketing),100.0,Linkedin Leads
1329,van-iperen-international,nan,No Match,-,0.0,Linkedin Leads
1330,van-ree-b.v.,nan,No Match,-,0.0,Linkedin Leads
1331,Spooren bv,nan,No Match,-,0.0,Linkedin Leads
1332,tk Home Solutions BV,nan,No Match,-,0.0,Linkedin Leads
1333,vogels,nan,No Match,-,0.0,Linkedin Leads
1334,Eurofar International B.V.,nan,No Match,-,0.0,Linkedin Leads
1335,Van Oirschot NV,nan,No Match,-,0.0,Linkedin Leads
1336,VFO,nan,No Match,-,0.0,Linkedin Leads
1337,greenlane-inc,nan,No Match,-,0.0,Linkedin Leads
1338,Isero,nan,No Match,-,0.0,Linkedin Leads
1339,Technisch handelsbureau Rensa BV,nan,No Match,-,0.0,Linkedin Leads
1340,monks-international,nan,No Match,-,0.0,Linkedin Leads
1341,Looop,nan,No Match,-,0.0,Linkedin Leads
1342,Nipro Europe Group Companies,nan,No Match,-,0.0,Linkedin Leads
1343,drogist.nl,nan,No Match,-,0.0,Linkedin Leads
1344,JDIC bv - Jos Deslee Invest & Consult,nan,No Match,-,0.0,Linkedin Leads
1345,trilec-nv,nan,No Match,-,0.0,Linkedin Leads
1346,HMZ Fashiongroup,nan,No Match,-,0.0,Linkedin Leads
1347,nedac-sorbo-mascot,nan,No Match,-,0.0,Linkedin Leads
1348,Tata Steel in Europe,nan,No Match,-,0.0,Linkedin Leads
1349,rogelli-sportswear,nan,No Match,-,0.0,Linkedin Leads
1350,royalsmittransformers,nan,No Match,-,0.0,Linkedin Leads
1351,No Excess,nan,No Match,-,0.0,Linkedin Leads
1352,NedZink,nan,No Match,-,0.0,Linkedin Leads
1353,van-dijk-groothandel,nan,No Match,-,0.0,Linkedin Leads
1354,bekk-homeware,nan,No Match,-,0.0,Linkedin Leads
1355,eptummers,nan,No Match,-,0.0,Linkedin Leads
1356,Rexel Nederland B.V.,nan,No Match,-,0.0,Linkedin Leads
1357,philips,nan,No Match,-,0.0,Linkedin Leads
1358,Euro Products Marine B.V.,nan,No Match,-,0.0,Linkedin Leads
1359,hiab-benelux-b.v.,nan,No Match,-,0.0,Linkedin Leads
1360,elbo-technology,nan,No Match,-,0.0,Linkedin Leads
1361,Valstar (part of Best Fresh),nan,No Match,-,0.0,Linkedin Leads
1362,dutchleaf,nan,dutchleaf,1- MQL (Marketing),100.0,Linkedin Leads
1363,SPX Flow Technology Assen B.V.,nan,No Match,-,0.0,Linkedin Leads
1364,Boom B.V.,nan,No Match,-,0.0,Linkedin Leads
1365,biocartis,nan,biocartis nv,1- MQL (Marketing),95.0,Linkedin Leads
1366,evers-agro-b-v-,nan,No Match,-,0.0,Linkedin Leads
1367,berg-roses,nan,No Match,-,0.0,Linkedin Leads
1368,stc-international-b-v,nan,No Match,-,0.0,Linkedin Leads
1369,rideellio,nan,No Match,-,0.0,Linkedin Leads
1370,Makro Cash and Carry NL,nan,No Match,-,0.0,Linkedin Leads
1371,evofenedex,nan,No Match,-,0.0,Linkedin Leads
1372,Oerlemans Plastics B.V.,nan,No Match,-,0.0,Linkedin Leads
1373,vegro-verpleegartikelen,nan,No Match,-,0.0,Linkedin Leads
1374,helenevskincare,nan,No Match,-,0.0,Linkedin Leads
1375,neways-electronics,nan,No Match,-,0.0,Linkedin Leads
1376,elektro-groothandel-frig-,nan,No Match,-,0.0,Linkedin Leads
1377,IMSHIP,nan,No Match,-,0.0,Linkedin Leads
1378,Mitsubishi Electric Europe B.V.,nan,No Match,-,0.0,Linkedin Leads
1379,santensgroep,nan,No Match,-,0.0,Linkedin Leads
1380,In-Lease - furniture rental,nan,No Match,-,0.0,Linkedin Leads
1381,Wiltec BV,nan,No Match,-,0.0,Linkedin Leads
1382,Fertikal,nan,No Match,-,0.0,Linkedin Leads
1383,Fortune Factory b.v.,nan,No Match,-,0.0,Linkedin Leads
1384,Bevaplast BV,nan,No Match,-,0.0,Linkedin Leads
1385,Big Bazar B.V. at Mirage Retail Group ,nan,No Match,-,0.0,Linkedin Leads
1386,Ahold Delhaize,nan,No Match,-,0.0,Linkedin Leads
1387,hakvoort-professional-bv,nan,No Match,-,0.0,Linkedin Leads
1388,paardekoopergroup,nan,paardekooper group,2 - SQL / Sales Outreach,97.14285714285714,Linkedin Leads
1389,Barry Callebaut Group,nan,No Match,-,0.0,Linkedin Leads
1390,Mohamed Repeuro,nan,No Match,-,0.0,Linkedin Leads
1391,h&k-technische-groothandel,nan,No Match,-,0.0,Linkedin Leads
1392,Spuntini,nan,No Match,-,0.0,Linkedin Leads
1393,AGU bv,nan,No Match,-,0.0,Linkedin Leads
1394,stichdofficial,nan,No Match,-,0.0,Linkedin Leads
1395,Philips,nan,No Match,-,0.0,Linkedin Leads
1396,Hyster-Yale Group,nan,No Match,-,0.0,Linkedin Leads
1397,emma-safety-shoes-bv,nan,No Match,-,0.0,Linkedin Leads
1398,foox-groothandelsorganisatie,nan,No Match,-,0.0,Linkedin Leads
1399,ariston-thermo-group,nan,No Match,-,0.0,Linkedin Leads
1400,Kolmschate Consulting,nan,No Match,-,0.0,Linkedin Leads
1401,ei-openers,nan,No Match,-,0.0,Linkedin Leads
1402,Coty,nan,No Match,-,0.0,Linkedin Leads
1403,Cloetta,nan,No Match,-,0.0,Linkedin Leads
1404,Mepal,nan,No Match,-,0.0,Linkedin Leads
1405,hunkemoller,nan,hunkemoller,1- MQL (Marketing),100.0,Linkedin Leads
1406,Samsung Electronics Air Conditioner Europe,nan,No Match,-,0.0,Linkedin Leads
1407,Technisch Handelsbureau Rensa BV,nan,No Match,-,0.0,Linkedin Leads
1408,Paula's Choice Skincare Europe,nan,No Match,-,0.0,Linkedin Leads
1409,Thales,nan,No Match,-,0.0,Linkedin Leads
1410,Flinders Design,nan,No Match,-,0.0,Linkedin Leads
1411,Profel,nan,No Match,-,0.0,Linkedin Leads
1412,Modiform,nan,No Match,-,0.0,Linkedin Leads
1413,Falko BV - Import/export groothandel in fietsonderdelen en accessoires,nan,No Match,-,0.0,Linkedin Leads
1414,Vivecommerce - advisory & interim management boutique,nan,No Match,-,0.0,Linkedin Leads
1415,DHG (David Hart Group),nan,No Match,-,0.0,Linkedin Leads
1416,IFB International Freightbridge,nan,No Match,-,0.0,Linkedin Leads
1417,Capasso,nan,No Match,-,0.0,Linkedin Leads
1418,ESA bv,nan,No Match,-,0.0,Linkedin Leads
1419,Rotterdam Academy,nan,No Match,-,0.0,Linkedin Leads
1420,bunnik-creations,nan,No Match,-,0.0,Linkedin Leads
1421,d&d-distribution,nan,No Match,-,0.0,Linkedin Leads
1422,Gymiek Beheer BV,nan,No Match,-,0.0,Linkedin Leads
1423,Bailey Electric & Electronics bv,nan,No Match,-,0.0,Linkedin Leads
1424,Heraeus Electro Nite,nan,No Match,-,0.0,Linkedin Leads
1425,Mölnlycke Health Care,nan,No Match,-,0.0,Linkedin Leads
1426,Suzuki Belgium,nan,No Match,-,0.0,Linkedin Leads
1427,Feyter group,nan,No Match,-,0.0,Linkedin Leads
1428,Masevon Technology Group,nan,No Match,-,0.0,Linkedin Leads
1429,Richmond Interiors,nan,No Match,-,0.0,Linkedin Leads
1430,Age2Go4 b.v.,nan,No Match,-,0.0,Linkedin Leads
1431,Muarata Electronics,nan,No Match,-,0.0,Linkedin Leads
1432,RX Commerce,nan,No Match,-,0.0,Linkedin Leads
1433,Trilec,nan,No Match,-,0.0,Linkedin Leads
1434,Unlimited footwear group,nan,unlimited footwear group,2 - SQL / Sales Outreach,95.83333333333334,Linkedin Leads
1435,MCA Brabant,nan,No Match,-,0.0,Linkedin Leads
1436,Van Ham Chocolaterie,nan,No Match,-,0.0,Linkedin Leads
1437,Fabory,nan,No Match,-,0.0,Linkedin Leads
1438,Best Trading,nan,No Match,-,0.0,Linkedin Leads
1439,Belize Corporate,nan,No Match,-,0.0,Linkedin Leads
1440,Teamwork Interiors,nan,No Match,-,0.0,Linkedin Leads
1441,Rensa Family Company,nan,No Match,-,0.0,Linkedin Leads
1442,aluchemie ,nan,No Match,-,0.0,Linkedin Leads
1443,van-oostveen-medical,nan,No Match,-,0.0,Linkedin Leads
1444,Agrifirm,nan,No Match,-,0.0,Linkedin Leads
1445,mainfreight-europe,nan,No Match,-,0.0,Linkedin Leads
1446,Adidas,nan,No Match,-,0.0,Linkedin Leads
1447,Schenk Transport,nan,No Match,-,0.0,Linkedin Leads
1448,Self-employed,nan,No Match,-,0.0,Linkedin Leads
1449,Decor Son,nan,No Match,-,0.0,Linkedin Leads
1450,Quantore BV,nan,No Match,-,0.0,Linkedin Leads
1451,Hogeschool PXL,nan,No Match,-,0.0,Linkedin Leads
1452,Ingram Micro Commerce & Lifecycle Services,nan,No Match,-,0.0,Linkedin Leads
1453,Online Multi Stores,nan,No Match,-,0.0,Linkedin Leads
1454,Albert Heijn,nan,No Match,-,0.0,Linkedin Leads
1455,Nike,nan,No Match,-,0.0,Linkedin Leads
1456,Accell Nederland B.V.,nan,No Match,-,0.0,Linkedin Leads
1457,Gist B.V.,nan,No Match,-,0.0,Linkedin Leads
1458,Versele Laga,nan,No Match,-,0.0,Linkedin Leads
1459,Dominique Demeulemeester,nan,No Match,-,0.0,Linkedin Leads
1460,Herbalife Nutrition,nan,No Match,-,0.0,Linkedin Leads
1461,Heli ,nan,No Match,-,0.0,Linkedin Leads
1462,Rederij Kees B.V.,nan,No Match,-,0.0,Linkedin Leads
1463,EUdata International,nan,No Match,-,0.0,Linkedin Leads
1464,Ingrizo NV,nan,No Match,-,0.0,Linkedin Leads
1465,Philips,nan,No Match,-,0.0,Linkedin Leads
1466,Mehadrin Tnuport Export (L.P.),nan,No Match,-,0.0,Linkedin Leads
1467,EUSU Logistics,nan,No Match,-,0.0,Linkedin Leads
1468,Delhaize Belgium,nan,No Match,-,0.0,Linkedin Leads
1469,Holbrecht Hedwig BVBA,nan,No Match,-,0.0,Linkedin Leads
1470,Stamhuis België bvba,nan,No Match,-,0.0,Linkedin Leads
1471,Regout Balance Systems B.V.,nan,No Match,-,0.0,Linkedin Leads
1472,HONDA EUROPE NV,nan,No Match,-,0.0,Linkedin Leads
1473,Prof Praxis,nan,No Match,-,0.0,Linkedin Leads
1474,Klaasen & Co,nan,No Match,-,0.0,Linkedin Leads
1475,Chevron Phillips Chemicals Int. NV,nan,No Match,-,0.0,Linkedin Leads
1476,arrowline,nan,No Match,-,0.0,Linkedin Leads
1477,Knauf-Isolava,nan,No Match,-,0.0,Linkedin Leads
1478,Jan De Nul Group,nan,No Match,-,0.0,Linkedin Leads
1479,ALTRAD SERVICES Benelux,nan,No Match,-,0.0,Linkedin Leads
1480,ineos,nan,ineos,2 - SQL / Sales Outreach,100.0,Linkedin Leads
1481,Lanterfant®,nan,No Match,-,0.0,Linkedin Leads
1482,Op jacht!,nan,No Match,-,0.0,Linkedin Leads
1483,tesla-motors,nan,No Match,-,0.0,Linkedin Leads
1484,agidens,nan,agidens nv,2 - SQL / Sales Outreach,95.0,Linkedin Leads
1485,IKEA Group,nan,No Match,-,0.0,Linkedin Leads
1486,pensions retirement,nan,No Match,-,0.0,Linkedin Leads
1487,volvocars,nan,No Match,-,0.0,Linkedin Leads
1488,Etex,nan,No Match,-,0.0,Linkedin Leads
1489,mpro-youbuild,nan,No Match,-,0.0,Linkedin Leads
1490,stas-picture-hanging-systems,nan,No Match,-,0.0,Linkedin Leads
1491,SISA NV,nan,No Match,-,0.0,Linkedin Leads
1492,Teqplay,nan,No Match,-,0.0,Linkedin Leads
1493,VWR,nan,No Match,-,0.0,Linkedin Leads
1494,simac-ict-belgië,nan,No Match,-,0.0,Linkedin Leads
1495,"Stanley Black & Decker, Inc.",nan,No Match,-,0.0,Linkedin Leads
1496,Q8,nan,No Match,-,0.0,Linkedin Leads
1497,R.Scheepers Consultancy B.V.,nan,No Match,-,0.0,Linkedin Leads
1498,DYKA PLASTICS NV,nan,No Match,-,0.0,Linkedin Leads
1499,Mieloo & Alexander,nan,No Match,-,0.0,Linkedin Leads
1500,foodcareplus,nan,No Match,-,0.0,Linkedin Leads
1501,SABCA,nan,No Match,-,0.0,Linkedin Leads
1502,nv-denys,nan,No Match,-,0.0,Linkedin Leads
1503,Atlas Copco Airpower N.V.,nan,No Match,-,0.0,Linkedin Leads
1504,soprema-belux,nan,No Match,-,0.0,Linkedin Leads
1505,ACD® Grow Live disCover,nan,No Match,-,0.0,Linkedin Leads
1506,Sound United,nan,No Match,-,0.0,Linkedin Leads
1507,brouwerij ADvieS bv,nan,No Match,-,0.0,Linkedin Leads
1508,IMSHIP,nan,No Match,-,0.0,Linkedin Leads
1509,Ideal Standard International NV,nan,No Match,-,0.0,Linkedin Leads
1510,Imes Dexis,nan,No Match,-,0.0,Linkedin Leads
1511,westrockcompany,nan,No Match,-,0.0,Linkedin Leads
1512,Solvay,nan,No Match,-,0.0,Linkedin Leads
1513,Capasso,nan,No Match,-,0.0,Linkedin Leads
1514,N.V. GROUP SOPEX S.A.,nan,No Match,-,0.0,Linkedin Leads
1515,ArcelorMittal Belgium,nan,No Match,-,0.0,Linkedin Leads
1516,Gaston Schul | Customs & Trade Control,nan,No Match,-,0.0,Linkedin Leads
1517,rotterdam-international-forwarding-bv,nan,No Match,-,0.0,Linkedin Leads
1518,NITTO BELGIUM NV,nan,No Match,-,0.0,Linkedin Leads
1519,sekisui-s-lec-bv,nan,No Match,-,0.0,Linkedin Leads
1520,de-lift-bvba,nan,No Match,-,0.0,Linkedin Leads
1521,GRL Glass Recycling & Logistics,nan,No Match,-,0.0,Linkedin Leads
1522,Trelleborg Wheel Systems,nan,No Match,-,0.0,Linkedin Leads
1523,rexel,nan,No Match,-,0.0,Linkedin Leads
1524,wynn's,nan,No Match,-,0.0,Linkedin Leads
1525,RPM/Belgium NV,nan,No Match,-,0.0,Linkedin Leads
1526,SSENSE,nan,No Match,-,0.0,Linkedin Leads
1527,DRiV Incorporated - Tenneco,nan,No Match,-,0.0,Linkedin Leads
1528,thyssenkrupp-materials-belgium,nan,No Match,-,0.0,Linkedin Leads
1529,IBS Bouw,nan,No Match,-,0.0,Linkedin Leads
1530,Helm Benelux B.V.,nan,No Match,-,0.0,Linkedin Leads
1531,zoutman-nv-belgium,nan,No Match,-,0.0,Linkedin Leads
1532,Texet Benelux,nan,No Match,-,0.0,Linkedin Leads
1533,Sankyo Tateyama Europe BVBA,nan,No Match,-,0.0,Linkedin Leads
1534,Derbigum Imperbel,nan,No Match,-,0.0,Linkedin Leads
1535,daf-trucks,nan,No Match,-,0.0,Linkedin Leads
1536,colruytgroup,nan,colruyt group,2 - SQL / Sales Outreach,96.0,Linkedin Leads
1537,Barco,nan,No Match,-,0.0,Linkedin Leads
1538,UCB,nan,No Match,-,0.0,Linkedin Leads
1539,Bose Corporation,nan,No Match,-,0.0,Linkedin Leads
1540,McBride,nan,No Match,-,0.0,Linkedin Leads
1541,INEOS,nan,No Match,-,0.0,Linkedin Leads
1542,Electro 80 ,nan,No Match,-,0.0,Linkedin Leads
1543,LyondellBasell,nan,No Match,-,0.0,Linkedin Leads
1544,Arcelormittal Tailored Blanks,nan,No Match,-,0.0,Linkedin Leads
1545,eriks,nan,No Match,-,0.0,Linkedin Leads
1546,AjiBioPharma Services,nan,No Match,-,0.0,Linkedin Leads
1547,pennenv,nan,No Match,-,0.0,Linkedin Leads
1548,vanhool,nan,No Match,-,0.0,Linkedin Leads
1549,yazakieuropeltd.belgiumoffice,nan,yazakieuropeltd belgiumoffice,1- MQL (Marketing),96.55172413793103,Linkedin Leads
1550,Van Wiemeersch,nan,No Match,-,0.0,Linkedin Leads
1551,IVC Group,nan,No Match,-,0.0,Linkedin Leads
